Workbook

Sheet assumptions
B1: base case | C1: social contagion high | D1: professionalization high | E1: both high | H1: Projects | R1: Ecs | AB1: Installed capacity | AL1: Members
A2: willing to initiate | B2: 0.71 | C2: 0.71 | H2: 1 | I2: 2 | J2: 3 | K2: 4 | L2: 5 | M2: 6 | N2: 7 | O2: 8 | P2: 9 | R2: 1 | S2: 2 | T2: 3 | U2: 4 | V2: 5 | W2: 6 | X2: 7 | Y2: 8 | Z2: 9 | AB2: 1 | AC2: 2 | AD2: 3 | AE2: 4 | AF2: 5 | AG2: 6 | AH2: 7 | AI2: 8 | AJ2: 9 | AL2: 1 | AM2: 2 | AN2: 3 | AO2: 4 | AP2: 5 | AQ2: 6 | AR2: 7 | AS2: 8 | AT2: 9
A3: willing to invest | B3: 0.66 | C3: 0.66 | G3: year | H3: base | I3: very high contagion | J3: very high ind lr and high col lr | K3: very high clr | L3: verhy high clr and high ilr | M3: very high both lrs | N3: verhy high lrs and high max projects | O3: verhy high lrs and high max projects and hybrid | P3: base_network update | R3: base | S3: very high contagion | T3: very high ind lr and high col lr | U3: very high clr | V3: verhy high clr and high ilr | W3: very high both lrs | X3: verhy high lrs and high max projects | Y3: verhy high lrs and high max projects and hybrid | Z3: base_network update | AB3: base | AC3: very high contagion | AD3: very high ind lr and high col lr | AE3: very high clr | AF3: verhy high clr and high ilr | AG3: very high both lrs | AH3: verhy high lrs and high max projects | AI3: verhy high lrs and high max projects and hybrid | AJ3: base_network update | AL3: base | AM3: very high contagion | AN3: very high ind lr and high col lr | AO3: very high clr | AP3: verhy high clr and high ilr | AQ3: very high both lrs | AR3: verhy high lrs and high max projects | AS3: verhy high lrs and high max projects and hybrid | AT3: base_network update
A4: professional capacity | B4: 0.7 | C4: 0.7 | G4: 2009 | H4: =AVERAGEIF(baseCase_projects!$B$63:$BC$63,assumptions!H$2,baseCase_projects!$B2:$BC2) -> 1 | I4: =AVERAGEIF(baseCase_projects!$B$63:$BC$63,assumptions!I$2,baseCase_projects!$B2:$BC2) -> 1 | J4: =AVERAGEIF(baseCase_projects!$B$63:$BC$63,assumptions!J$2,baseCase_projects!$B2:$BC2) -> 1 | K4: =AVERAGEIF(baseCase_projects!$B$63:$BC$63,assumptions!K$2,baseCase_projects!$B2:$BC2) -> 1 | L4: =AVERAGEIF(baseCase_projects!$B$63:$BC$63,assumptions!L$2,baseCase_projects!$B2:$BC2) -> 1 | M4: =AVERAGEIF(baseCase_projects!$B$63:$BC$63,assumptions!M$2,baseCase_projects!$B2:$BC2) -> 1 | N4: =AVERAGEIF(baseCase_projects!$B$63:$BC$63,assumptions!N$2,baseCase_projects!$B2:$BC2) -> 1 | O4: =AVERAGEIF(baseCase_projects!$B$63:$BC$63,assumptions!O$2,baseCase_projects!$B2:$BC2) -> 1 | P4: =AVERAGEIF(baseCase_projects!$B$63:$BC$63,assumptions!P$2,baseCase_projects!$B2:$BC2) -> 1 | R4: =AVERAGEIF(baseCase_ECs!$B$63:$BC$63,assumptions!R$2,baseCase_ECs!$B2:$BC2) -> 20 | S4: =AVERAGEIF(baseCase_ECs!$B$63:$BC$63,assumptions!S$2,baseCase_ECs!$B2:$BC2) -> 20 | T4: =AVERAGEIF(baseCase_ECs!$B$63:$BC$63,assumptions!T$2,baseCase_ECs!$B2:$BC2) -> 20 | U4: =AVERAGEIF(baseCase_ECs!$B$63:$BC$63,assumptions!U$2,baseCase_ECs!$B2:$BC2) -> 20 | V4: =AVERAGEIF(baseCase_ECs!$B$63:$BC$63,assumptions!V$2,baseCase_ECs!$B2:$BC2) -> 20 | W4: =AVERAGEIF(baseCase_ECs!$B$63:$BC$63,assumptions!W$2,baseCase_ECs!$B2:$BC2) -> 20 | X4: =AVERAGEIF(baseCase_ECs!$B$63:$BC$63,assumptions!X$2,baseCase_ECs!$B2:$BC2) -> 20 | Y4: =AVERAGEIF(baseCase_ECs!$B$63:$BC$63,assumptions!Y$2,baseCase_ECs!$B2:$BC2) -> 20 | Z4: =AVERAGEIF(baseCase_ECs!$B$63:$BC$63,assumptions!Z$2,baseCase_ECs!$B2:$BC2) -> 20 | AB4: =AVERAGEIF(baseCase_installedCap!$B$63:$BC$63,assumptions!AB$2,baseCase_installedCap!$B2:$BC2) -> 447 | AC4: =AVERAGEIF(baseCase_installedCap!$B$63:$BC$63,assumptions!AC$2,baseCase_installedCap!$B2:$BC2) -> 447 | AD4: =AVERAGEIF(baseCase_installedCap!$B$63:$BC$63,assumptions!AD$2,baseCase_installedCap!$B2:$BC2) -> 447 | AE4: =AVERAGEIF(baseCase_installedCap!$B$63:$BC$63,assumptions!AE$2,baseCase_installedCap!$B2:$BC2) -> 447 | AF4: =AVERAGEIF(baseCase_installedCap!$B$63:$BC$63,assumptions!AF$2,baseCase_installedCap!$B2:$BC2) -> 447 | AG4: =AVERAGEIF(baseCase_installedCap!$B$63:$BC$63,assumptions!AG$2,baseCase_installedCap!$B2:$BC2) -> 447 | AH4: =AVERAGEIF(baseCase_installedCap!$B$63:$BC$63,assumptions!AH$2,baseCase_installedCap!$B2:$BC2) -> 447 | AI4: =AVERAGEIF(baseCase_installedCap!$B$63:$BC$63,assumptions!AI$2,baseCase_installedCap!$B2:$BC2) -> 447 | AJ4: =AVERAGEIF(baseCase_installedCap!$B$63:$BC$63,assumptions!AJ$2,baseCase_installedCap!$B2:$BC2) -> 447 | AL4: =AVERAGEIF(baseCase_percMembers!$B$63:$BC$63,assumptions!AL$2,baseCase_percMembers!$B2:$BC2) -> 0.002 | AM4: =AVERAGEIF(baseCase_percMembers!$B$63:$BC$63,assumptions!AM$2,baseCase_percMembers!$B2:$BC2) -> 0.002 | AN4: =AVERAGEIF(baseCase_percMembers!$B$63:$BC$63,assumptions!AN$2,baseCase_percMembers!$B2:$BC2) -> 0.002 | AO4: =AVERAGEIF(baseCase_percMembers!$B$63:$BC$63,assumptions!AO$2,baseCase_percMembers!$B2:$BC2) -> 0.002 | AP4: =AVERAGEIF(baseCase_percMembers!$B$63:$BC$63,assumptions!AP$2,baseCase_percMembers!$B2:$BC2) -> 0.002 | AQ4: =AVERAGEIF(baseCase_percMembers!$B$63:$BC$63,assumptions!AQ$2,baseCase_percMembers!$B2:$BC2) -> 0.002 | AR4: =AVERAGEIF(baseCase_percMembers!$B$63:$BC$63,assumptions!AR$2,baseCase_percMembers!$B2:$BC2) -> 0.002 | AS4: =AVERAGEIF(baseCase_percMembers!$B$63:$BC$63,assumptions!AS$2,baseCase_percMembers!$B2:$BC2) -> 0.002 | AT4: =AVERAGEIF(baseCase_percMembers!$B$63:$BC$63,assumptions!AT$2,baseCase_percMembers!$B2:$BC2) -> 0.002
A5: collective learning rate | B5: 0.01 | C5: 0.001 | G5: 2010 | H5: =AVERAGEIF(baseCase_projects!$B$63:$BC$63,assumptions!H$2,baseCase_projects!$B3:$BC3) -> 1 | I5: =AVERAGEIF(baseCase_projects!$B$63:$BC$63,assumptions!I$2,baseCase_projects!$B3:$BC3) -> 1 | J5: =AVERAGEIF(baseCase_projects!$B$63:$BC$63,assumptions!J$2,baseCase_projects!$B3:$BC3) -> 1 | K5: =AVERAGEIF(baseCase_projects!$B$63:$BC$63,assumptions!K$2,baseCase_projects!$B3:$BC3) -> 1 | L5: =AVERAGEIF(baseCase_projects!$B$63:$BC$63,assumptions!L$2,baseCase_projects!$B3:$BC3) -> 1 | M5: =AVERAGEIF(baseCase_projects!$B$63:$BC$63,assumptions!M$2,baseCase_projects!$B3:$BC3) -> 1 | N5: =AVERAGEIF(baseCase_projects!$B$63:$BC$63,assumptions!N$2,baseCase_projects!$B3:$BC3) -> 1 | O5: =AVERAGEIF(baseCase_projects!$B$63:$BC$63,assumptions!O$2,baseCase_projects!$B3:$BC3) -> 1 | P5: =AVERAGEIF(baseCase_projects!$B$63:$BC$63,assumptions!P$2,baseCase_projects!$B3:$BC3) -> 1 | R5: =AVERAGEIF(baseCase_ECs!$B$63:$BC$63,assumptions!R$2,baseCase_ECs!$B3:$BC3) -> 26 | S5: =AVERAGEIF(baseCase_ECs!$B$63:$BC$63,assumptions!S$2,baseCase_ECs!$B3:$BC3) -> 26 | T5: =AVERAGEIF(baseCase_ECs!$B$63:$BC$63,assumptions!T$2,baseCase_ECs!$B3:$BC3) -> 26 | U5: =AVERAGEIF(baseCase_ECs!$B$63:$BC$63,assumptions!U$2,baseCase_ECs!$B3:$BC3) -> 26 | V5: =AVERAGEIF(baseCase_ECs!$B$63:$BC$63,assumptions!V$2,baseCase_ECs!$B3:$BC3) -> 26 | W5: =AVERAGEIF(baseCase_ECs!$B$63:$BC$63,assumptions!W$2,baseCase_ECs!$B3:$BC3) -> 26 | X5: =AVERAGEIF(baseCase_ECs!$B$63:$BC$63,assumptions!X$2,baseCase_ECs!$B3:$BC3) -> 26 | Y5: =AVERAGEIF(baseCase_ECs!$B$63:$BC$63,assumptions!Y$2,baseCase_ECs!$B3:$BC3) -> 26 | Z5: =AVERAGEIF(baseCase_ECs!$B$63:$BC$63,assumptions!Z$2,baseCase_ECs!$B3:$BC3) -> 26 | AB5: =AVERAGEIF(baseCase_installedCap!$B$63:$BC$63,assumptions!AB$2,baseCase_installedCap!$B3:$BC3) -> 447 | AC5: =AVERAGEIF(baseCase_installedCap!$B$63:$BC$63,assumptions!AC$2,baseCase_installedCap!$B3:$BC3) -> 447 | AD5: =AVERAGEIF(baseCase_installedCap!$B$63:$BC$63,assumptions!AD$2,baseCase_installedCap!$B3:$BC3) -> 447 | AE5: =AVERAGEIF(baseCase_installedCap!$B$63:$BC$63,assumptions!AE$2,baseCase_installedCap!$B3:$BC3) -> 447 | AF5: =AVERAGEIF(baseCase_installedCap!$B$63:$BC$63,assumptions!AF$2,baseCase_installedCap!$B3:$BC3) -> 447 | AG5: =AVERAGEIF(baseCase_installedCap!$B$63:$BC$63,assumptions!AG$2,baseCase_installedCap!$B3:$BC3) -> 447 | AH5: =AVERAGEIF(baseCase_installedCap!$B$63:$BC$63,assumptions!AH$2,baseCase_installedCap!$B3:$BC3) -> 447 | AI5: =AVERAGEIF(baseCase_installedCap!$B$63:$BC$63,assumptions!AI$2,baseCase_installedCap!$B3:$BC3) -> 447 | AJ5: =AVERAGEIF(baseCase_installedCap!$B$63:$BC$63,assumptions!AJ$2,baseCase_installedCap!$B3:$BC3) -> 447 | AL5: =AVERAGEIF(baseCase_percMembers!$B$63:$BC$63,assumptions!AL$2,baseCase_percMembers!$B3:$BC3) -> 0.003 | AM5: =AVERAGEIF(baseCase_percMembers!$B$63:$BC$63,assumptions!AM$2,baseCase_percMembers!$B3:$BC3) -> 0.003 | AN5: =AVERAGEIF(baseCase_percMembers!$B$63:$BC$63,assumptions!AN$2,baseCase_percMembers!$B3:$BC3) -> 0.003 | AO5: =AVERAGEIF(baseCase_percMembers!$B$63:$BC$63,assumptions!AO$2,baseCase_percMembers!$B3:$BC3) -> 0.003 | AP5: =AVERAGEIF(baseCase_percMembers!$B$63:$BC$63,assumptions!AP$2,baseCase_percMembers!$B3:$BC3) -> 0.003 | AQ5: =AVERAGEIF(baseCase_percMembers!$B$63:$BC$63,assumptions!AQ$2,baseCase_percMembers!$B3:$BC3) -> 0.003 | AR5: =AVERAGEIF(baseCase_percMembers!$B$63:$BC$63,assumptions!AR$2,baseCase_percMembers!$B3:$BC3) -> 0.003 | AS5: =AVERAGEIF(baseCase_percMembers!$B$63:$BC$63,assumptions!AS$2,baseCase_percMembers!$B3:$BC3) -> 0.003 | AT5: =AVERAGEIF(baseCase_percMembers!$B$63:$BC$63,assumptions!AT$2,baseCase_percMembers!$B3:$BC3) -> 0.003
A6: individual learning rate | B6: 0.025 | C6: 0.05 | G6: 2011 | H6: =AVERAGEIF(baseCase_projects!$B$63:$BC$63,assumptions!H$2,baseCase_projects!$B4:$BC4) -> 46 | I6: =AVERAGEIF(baseCase_projects!$B$63:$BC$63,assumptions!I$2,baseCase_projects!$B4:$BC4) -> 46 | J6: =AVERAGEIF(baseCase_projects!$B$63:$BC$63,assumptions!J$2,baseCase_projects!$B4:$BC4) -> 46 | K6: =AVERAGEIF(baseCase_projects!$B$63:$BC$63,assumptions!K$2,baseCase_projects!$B4:$BC4) -> 46 | L6: =AVERAGEIF(baseCase_projects!$B$63:$BC$63,assumptions!L$2,baseCase_projects!$B4:$BC4) -> 46 | M6: =AVERAGEIF(baseCase_projects!$B$63:$BC$63,assumptions!M$2,baseCase_projects!$B4:$BC4) -> 46 | N6: =AVERAGEIF(baseCase_projects!$B$63:$BC$63,assumptions!N$2,baseCase_projects!$B4:$BC4) -> 46 | O6: =AVERAGEIF(baseCase_projects!$B$63:$BC$63,assumptions!O$2,baseCase_projects!$B4:$BC4) -> 46 | P6: =AVERAGEIF(baseCase_projects!$B$63:$BC$63,assumptions!P$2,baseCase_projects!$B4:$BC4) -> 46 | R6: =AVERAGEIF(baseCase_ECs!$B$63:$BC$63,assumptions!R$2,baseCase_ECs!$B4:$BC4) -> 39 | S6: =AVERAGEIF(baseCase_ECs!$B$63:$BC$63,assumptions!S$2,baseCase_ECs!$B4:$BC4) -> 39 | T6: =AVERAGEIF(baseCase_ECs!$B$63:$BC$63,assumptions!T$2,baseCase_ECs!$B4:$BC4) -> 39 | U6: =AVERAGEIF(baseCase_ECs!$B$63:$BC$63,assumptions!U$2,baseCase_ECs!$B4:$BC4) -> 39 | V6: =AVERAGEIF(baseCase_ECs!$B$63:$BC$63,assumptions!V$2,baseCase_ECs!$B4:$BC4) -> 39 | W6: =AVERAGEIF(baseCase_ECs!$B$63:$BC$63,assumptions!W$2,baseCase_ECs!$B4:$BC4) -> 39 | X6: =AVERAGEIF(baseCase_ECs!$B$63:$BC$63,assumptions!X$2,baseCase_ECs!$B4:$BC4) -> 39 | Y6: =AVERAGEIF(baseCase_ECs!$B$63:$BC$63,assumptions!Y$2,baseCase_ECs!$B4:$BC4) -> 39 | Z6: =AVERAGEIF(baseCase_ECs!$B$63:$BC$63,assumptions!Z$2,baseCase_ECs!$B4:$BC4) -> 39 | AB6: =AVERAGEIF(baseCase_installedCap!$B$63:$BC$63,assumptions!AB$2,baseCase_installedCap!$B4:$BC4) -> 20562 | AC6: =AVERAGEIF(baseCase_installedCap!$B$63:$BC$63,assumptions!AC$2,baseCase_installedCap!$B4:$BC4) -> 20562 | AD6: =AVERAGEIF(baseCase_installedCap!$B$63:$BC$63,assumptions!AD$2,baseCase_installedCap!$B4:$BC4) -> 20562 | AE6: =AVERAGEIF(baseCase_installedCap!$B$63:$BC$63,assumptions!AE$2,baseCase_installedCap!$B4:$BC4) -> 20562 | AF6: =AVERAGEIF(baseCase_installedCap!$B$63:$BC$63,assumptions!AF$2,baseCase_installedCap!$B4:$BC4) -> 20562 | AG6: =AVERAGEIF(baseCase_installedCap!$B$63:$BC$63,assumptions!AG$2,baseCase_installedCap!$B4:$BC4) -> 20562 | AH6: =AVERAGEIF(baseCase_installedCap!$B$63:$BC$63,assumptions!AH$2,baseCase_installedCap!$B4:$BC4) -> 20562 | AI6: =AVERAGEIF(baseCase_installedCap!$B$63:$BC$63,assumptions!AI$2,baseCase_installedCap!$B4:$BC4) -> 20562 | AJ6: =AVERAGEIF(baseCase_installedCap!$B$63:$BC$63,assumptions!AJ$2,baseCase_installedCap!$B4:$BC4) -> 20562 | AL6: =AVERAGEIF(baseCase_percMembers!$B$63:$BC$63,assumptions!AL$2,baseCase_percMembers!$B4:$BC4) -> 0.052 | AM6: =AVERAGEIF(baseCase_percMembers!$B$63:$BC$63,assumptions!AM$2,baseCase_percMembers!$B4:$BC4) -> 0.052 | AN6: =AVERAGEIF(baseCase_percMembers!$B$63:$BC$63,assumptions!AN$2,baseCase_percMembers!$B4:$BC4) -> 0.052 | AO6: =AVERAGEIF(baseCase_percMembers!$B$63:$BC$63,assumptions!AO$2,baseCase_percMembers!$B4:$BC4) -> 0.052 | AP6: =AVERAGEIF(baseCase_percMembers!$B$63:$BC$63,assumptions!AP$2,baseCase_percMembers!$B4:$BC4) -> 0.052 | AQ6: =AVERAGEIF(baseCase_percMembers!$B$63:$BC$63,assumptions!AQ$2,baseCase_percMembers!$B4:$BC4) -> 0.052 | AR6: =AVERAGEIF(baseCase_percMembers!$B$63:$BC$63,assumptions!AR$2,baseCase_percMembers!$B4:$BC4) -> 0.052 | AS6: =AVERAGEIF(baseCase_percMembers!$B$63:$BC$63,assumptions!AS$2,baseCase_percMembers!$B4:$BC4) -> 0.052 | AT6: =AVERAGEIF(baseCase_percMembers!$B$63:$BC$63,assumptions!AT$2,baseCase_percMembers!$B4:$BC4) -> 0.052
A7: network structure | B7: SMALL_SCALE_SIMILAR | C7: SMALL_SCALE_SIMILAR | D7: SMALL_SCALE_SIMILAR | E7: SMALL_SCALE_SIMILAR | G7: 2012 | H7: =AVERAGEIF(baseCase_projects!$B$63:$BC$63,assumptions!H$2,baseCase_projects!$B5:$BC5) -> 53 | I7: =AVERAGEIF(baseCase_projects!$B$63:$BC$63,assumptions!I$2,baseCase_projects!$B5:$BC5) -> 53 | J7: =AVERAGEIF(baseCase_projects!$B$63:$BC$63,assumptions!J$2,baseCase_projects!$B5:$BC5) -> 53 | K7: =AVERAGEIF(baseCase_projects!$B$63:$BC$63,assumptions!K$2,baseCase_projects!$B5:$BC5) -> 53 | L7: =AVERAGEIF(baseCase_projects!$B$63:$BC$63,assumptions!L$2,baseCase_projects!$B5:$BC5) -> 53 | M7: =AVERAGEIF(baseCase_projects!$B$63:$BC$63,assumptions!M$2,baseCase_projects!$B5:$BC5) -> 53 | N7: =AVERAGEIF(baseCase_projects!$B$63:$BC$63,assumptions!N$2,baseCase_projects!$B5:$BC5) -> 53 | O7: =AVERAGEIF(baseCase_projects!$B$63:$BC$63,assumptions!O$2,baseCase_projects!$B5:$BC5) -> 53 | P7: =AVERAGEIF(baseCase_projects!$B$63:$BC$63,assumptions!P$2,baseCase_projects!$B5:$BC5) -> 53 | R7: =AVERAGEIF(baseCase_ECs!$B$63:$BC$63,assumptions!R$2,baseCase_ECs!$B5:$BC5) -> 65 | S7: =AVERAGEIF(baseCase_ECs!$B$63:$BC$63,assumptions!S$2,baseCase_ECs!$B5:$BC5) -> 65 | T7: =AVERAGEIF(baseCase_ECs!$B$63:$BC$63,assumptions!T$2,baseCase_ECs!$B5:$BC5) -> 65 | U7: =AVERAGEIF(baseCase_ECs!$B$63:$BC$63,assumptions!U$2,baseCase_ECs!$B5:$BC5) -> 65 | V7: =AVERAGEIF(baseCase_ECs!$B$63:$BC$63,assumptions!V$2,baseCase_ECs!$B5:$BC5) -> 65 | W7: =AVERAGEIF(baseCase_ECs!$B$63:$BC$63,assumptions!W$2,baseCase_ECs!$B5:$BC5) -> 65 | X7: =AVERAGEIF(baseCase_ECs!$B$63:$BC$63,assumptions!X$2,baseCase_ECs!$B5:$BC5) -> 65 | Y7: =AVERAGEIF(baseCase_ECs!$B$63:$BC$63,assumptions!Y$2,baseCase_ECs!$B5:$BC5) -> 65 | Z7: =AVERAGEIF(baseCase_ECs!$B$63:$BC$63,assumptions!Z$2,baseCase_ECs!$B5:$BC5) -> 65 | AB7: =AVERAGEIF(baseCase_installedCap!$B$63:$BC$63,assumptions!AB$2,baseCase_installedCap!$B5:$BC5) -> 23691 | AC7: =AVERAGEIF(baseCase_installedCap!$B$63:$BC$63,assumptions!AC$2,baseCase_installedCap!$B5:$BC5) -> 23691 | AD7: =AVERAGEIF(baseCase_installedCap!$B$63:$BC$63,assumptions!AD$2,baseCase_installedCap!$B5:$BC5) -> 23691 | AE7: =AVERAGEIF(baseCase_installedCap!$B$63:$BC$63,assumptions!AE$2,baseCase_installedCap!$B5:$BC5) -> 23691 | AF7: =AVERAGEIF(baseCase_installedCap!$B$63:$BC$63,assumptions!AF$2,baseCase_installedCap!$B5:$BC5) -> 23691 | AG7: =AVERAGEIF(baseCase_installedCap!$B$63:$BC$63,assumptions!AG$2,baseCase_installedCap!$B5:$BC5) -> 23691 | AH7: =AVERAGEIF(baseCase_installedCap!$B$63:$BC$63,assumptions!AH$2,baseCase_installedCap!$B5:$BC5) -> 23691 | AI7: =AVERAGEIF(baseCase_installedCap!$B$63:$BC$63,assumptions!AI$2,baseCase_installedCap!$B5:$BC5) -> 23691 | AJ7: =AVERAGEIF(baseCase_installedCap!$B$63:$BC$63,assumptions!AJ$2,baseCase_installedCap!$B5:$BC5) -> 23691 | AL7: =AVERAGEIF(baseCase_percMembers!$B$63:$BC$63,assumptions!AL$2,baseCase_percMembers!$B5:$BC5) -> 0.061 | AM7: =AVERAGEIF(baseCase_percMembers!$B$63:$BC$63,assumptions!AM$2,baseCase_percMembers!$B5:$BC5) -> 0.061 | AN7: =AVERAGEIF(baseCase_percMembers!$B$63:$BC$63,assumptions!AN$2,baseCase_percMembers!$B5:$BC5) -> 0.061 | AO7: =AVERAGEIF(baseCase_percMembers!$B$63:$BC$63,assumptions!AO$2,baseCase_percMembers!$B5:$BC5) -> 0.061 | AP7: =AVERAGEIF(baseCase_percMembers!$B$63:$BC$63,assumptions!AP$2,baseCase_percMembers!$B5:$BC5) -> 0.061 | AQ7: =AVERAGEIF(baseCase_percMembers!$B$63:$BC$63,assumptions!AQ$2,baseCase_percMembers!$B5:$BC5) -> 0.061 | AR7: =AVERAGEIF(baseCase_percMembers!$B$63:$BC$63,assumptions!AR$2,baseCase_percMembers!$B5:$BC5) -> 0.061 | AS7: =AVERAGEIF(baseCase_percMembers!$B$63:$BC$63,assumptions!AS$2,baseCase_percMembers!$B5:$BC5) -> 0.061 | AT7: =AVERAGEIF(baseCase_percMembers!$B$63:$BC$63,assumptions!AT$2,baseCase_percMembers!$B5:$BC5) -> 0.061
G8: 2013 | H8: =AVERAGEIF(baseCase_projects!$B$63:$BC$63,assumptions!H$2,baseCase_projects!$B6:$BC6) -> 72 | I8: =AVERAGEIF(baseCase_projects!$B$63:$BC$63,assumptions!I$2,baseCase_projects!$B6:$BC6) -> 72 | J8: =AVERAGEIF(baseCase_projects!$B$63:$BC$63,assumptions!J$2,baseCase_projects!$B6:$BC6) -> 72 | K8: =AVERAGEIF(baseCase_projects!$B$63:$BC$63,assumptions!K$2,baseCase_projects!$B6:$BC6) -> 72 | L8: =AVERAGEIF(baseCase_projects!$B$63:$BC$63,assumptions!L$2,baseCase_projects!$B6:$BC6) -> 72 | M8: =AVERAGEIF(baseCase_projects!$B$63:$BC$63,assumptions!M$2,baseCase_projects!$B6:$BC6) -> 72 | N8: =AVERAGEIF(baseCase_projects!$B$63:$BC$63,assumptions!N$2,baseCase_projects!$B6:$BC6) -> 72 | O8: =AVERAGEIF(baseCase_projects!$B$63:$BC$63,assumptions!O$2,baseCase_projects!$B6:$BC6) -> 72 | P8: =AVERAGEIF(baseCase_projects!$B$63:$BC$63,assumptions!P$2,baseCase_projects!$B6:$BC6) -> 72 | R8: =AVERAGEIF(baseCase_ECs!$B$63:$BC$63,assumptions!R$2,baseCase_ECs!$B6:$BC6) -> 123 | S8: =AVERAGEIF(baseCase_ECs!$B$63:$BC$63,assumptions!S$2,baseCase_ECs!$B6:$BC6) -> 123 | T8: =AVERAGEIF(baseCase_ECs!$B$63:$BC$63,assumptions!T$2,baseCase_ECs!$B6:$BC6) -> 123 | U8: =AVERAGEIF(baseCase_ECs!$B$63:$BC$63,assumptions!U$2,baseCase_ECs!$B6:$BC6) -> 123 | V8: =AVERAGEIF(baseCase_ECs!$B$63:$BC$63,assumptions!V$2,baseCase_ECs!$B6:$BC6) -> 123 | W8: =AVERAGEIF(baseCase_ECs!$B$63:$BC$63,assumptions!W$2,baseCase_ECs!$B6:$BC6) -> 123 | X8: =AVERAGEIF(baseCase_ECs!$B$63:$BC$63,assumptions!X$2,baseCase_ECs!$B6:$BC6) -> 123 | Y8: =AVERAGEIF(baseCase_ECs!$B$63:$BC$63,assumptions!Y$2,baseCase_ECs!$B6:$BC6) -> 123 | Z8: =AVERAGEIF(baseCase_ECs!$B$63:$BC$63,assumptions!Z$2,baseCase_ECs!$B6:$BC6) -> 123 | AB8: =AVERAGEIF(baseCase_installedCap!$B$63:$BC$63,assumptions!AB$2,baseCase_installedCap!$B6:$BC6) -> 32184 | AC8: =AVERAGEIF(baseCase_installedCap!$B$63:$BC$63,assumptions!AC$2,baseCase_installedCap!$B6:$BC6) -> 32184 | AD8: =AVERAGEIF(baseCase_installedCap!$B$63:$BC$63,assumptions!AD$2,baseCase_installedCap!$B6:$BC6) -> 32184 | AE8: =AVERAGEIF(baseCase_installedCap!$B$63:$BC$63,assumptions!AE$2,baseCase_installedCap!$B6:$BC6) -> 32184 | AF8: =AVERAGEIF(baseCase_installedCap!$B$63:$BC$63,assumptions!AF$2,baseCase_installedCap!$B6:$BC6) -> 32184 | AG8: =AVERAGEIF(baseCase_installedCap!$B$63:$BC$63,assumptions!AG$2,baseCase_installedCap!$B6:$BC6) -> 32184 | AH8: =AVERAGEIF(baseCase_installedCap!$B$63:$BC$63,assumptions!AH$2,baseCase_installedCap!$B6:$BC6) -> 32184 | AI8: =AVERAGEIF(baseCase_installedCap!$B$63:$BC$63,assumptions!AI$2,baseCase_installedCap!$B6:$BC6) -> 32184 | AJ8: =AVERAGEIF(baseCase_installedCap!$B$63:$BC$63,assumptions!AJ$2,baseCase_installedCap!$B6:$BC6) -> 32184 | AL8: =AVERAGEIF(baseCase_percMembers!$B$63:$BC$63,assumptions!AL$2,baseCase_percMembers!$B6:$BC6) -> 0.084 | AM8: =AVERAGEIF(baseCase_percMembers!$B$63:$BC$63,assumptions!AM$2,baseCase_percMembers!$B6:$BC6) -> 0.084 | AN8: =AVERAGEIF(baseCase_percMembers!$B$63:$BC$63,assumptions!AN$2,baseCase_percMembers!$B6:$BC6) -> 0.084 | AO8: =AVERAGEIF(baseCase_percMembers!$B$63:$BC$63,assumptions!AO$2,baseCase_percMembers!$B6:$BC6) -> 0.084 | AP8: =AVERAGEIF(baseCase_percMembers!$B$63:$BC$63,assumptions!AP$2,baseCase_percMembers!$B6:$BC6) -> 0.084 | AQ8: =AVERAGEIF(baseCase_percMembers!$B$63:$BC$63,assumptions!AQ$2,baseCase_percMembers!$B6:$BC6) -> 0.084 | AR8: =AVERAGEIF(baseCase_percMembers!$B$63:$BC$63,assumptions!AR$2,baseCase_percMembers!$B6:$BC6) -> 0.084 | AS8: =AVERAGEIF(baseCase_percMembers!$B$63:$BC$63,assumptions!AS$2,baseCase_percMembers!$B6:$BC6) -> 0.084 | AT8: =AVERAGEIF(baseCase_percMembers!$B$63:$BC$63,assumptions!AT$2,baseCase_percMembers!$B6:$BC6) -> 0.084
G9: 2014 | H9: =AVERAGEIF(baseCase_projects!$B$63:$BC$63,assumptions!H$2,baseCase_projects!$B7:$BC7) -> 100 | I9: =AVERAGEIF(baseCase_projects!$B$63:$BC$63,assumptions!I$2,baseCase_projects!$B7:$BC7) -> 100 | J9: =AVERAGEIF(baseCase_projects!$B$63:$BC$63,assumptions!J$2,baseCase_projects!$B7:$BC7) -> 100 | K9: =AVERAGEIF(baseCase_projects!$B$63:$BC$63,assumptions!K$2,baseCase_projects!$B7:$BC7) -> 100 | L9: =AVERAGEIF(baseCase_projects!$B$63:$BC$63,assumptions!L$2,baseCase_projects!$B7:$BC7) -> 100 | M9: =AVERAGEIF(baseCase_projects!$B$63:$BC$63,assumptions!M$2,baseCase_projects!$B7:$BC7) -> 100 | N9: =AVERAGEIF(baseCase_projects!$B$63:$BC$63,assumptions!N$2,baseCase_projects!$B7:$BC7) -> 100 | O9: =AVERAGEIF(baseCase_projects!$B$63:$BC$63,assumptions!O$2,baseCase_projects!$B7:$BC7) -> 100 | P9: =AVERAGEIF(baseCase_projects!$B$63:$BC$63,assumptions!P$2,baseCase_projects!$B7:$BC7) -> 100 | R9: =AVERAGEIF(baseCase_ECs!$B$63:$BC$63,assumptions!R$2,baseCase_ECs!$B7:$BC7) -> 176 | S9: =AVERAGEIF(baseCase_ECs!$B$63:$BC$63,assumptions!S$2,baseCase_ECs!$B7:$BC7) -> 176 | T9: =AVERAGEIF(baseCase_ECs!$B$63:$BC$63,assumptions!T$2,baseCase_ECs!$B7:$BC7) -> 176 | U9: =AVERAGEIF(baseCase_ECs!$B$63:$BC$63,assumptions!U$2,baseCase_ECs!$B7:$BC7) -> 176 | V9: =AVERAGEIF(baseCase_ECs!$B$63:$BC$63,assumptions!V$2,baseCase_ECs!$B7:$BC7) -> 176 | W9: =AVERAGEIF(baseCase_ECs!$B$63:$BC$63,assumptions!W$2,baseCase_ECs!$B7:$BC7) -> 176 | X9: =AVERAGEIF(baseCase_ECs!$B$63:$BC$63,assumptions!X$2,baseCase_ECs!$B7:$BC7) -> 176 | Y9: =AVERAGEIF(baseCase_ECs!$B$63:$BC$63,assumptions!Y$2,baseCase_ECs!$B7:$BC7) -> 176 | Z9: =AVERAGEIF(baseCase_ECs!$B$63:$BC$63,assumptions!Z$2,baseCase_ECs!$B7:$BC7) -> 176 | AB9: =AVERAGEIF(baseCase_installedCap!$B$63:$BC$63,assumptions!AB$2,baseCase_installedCap!$B7:$BC7) -> 44700 | AC9: =AVERAGEIF(baseCase_installedCap!$B$63:$BC$63,assumptions!AC$2,baseCase_installedCap!$B7:$BC7) -> 44700 | AD9: =AVERAGEIF(baseCase_installedCap!$B$63:$BC$63,assumptions!AD$2,baseCase_installedCap!$B7:$BC7) -> 44700 | AE9: =AVERAGEIF(baseCase_installedCap!$B$63:$BC$63,assumptions!AE$2,baseCase_installedCap!$B7:$BC7) -> 44700 | AF9: =AVERAGEIF(baseCase_installedCap!$B$63:$BC$63,assumptions!AF$2,baseCase_installedCap!$B7:$BC7) -> 44700 | AG9: =AVERAGEIF(baseCase_installedCap!$B$63:$BC$63,assumptions!AG$2,baseCase_installedCap!$B7:$BC7) -> 44700 | AH9: =AVERAGEIF(baseCase_installedCap!$B$63:$BC$63,assumptions!AH$2,baseCase_installedCap!$B7:$BC7) -> 44700 | AI9: =AVERAGEIF(baseCase_installedCap!$B$63:$BC$63,assumptions!AI$2,baseCase_installedCap!$B7:$BC7) -> 44700 | AJ9: =AVERAGEIF(baseCase_installedCap!$B$63:$BC$63,assumptions!AJ$2,baseCase_installedCap!$B7:$BC7) -> 44700 | AL9: =AVERAGEIF(baseCase_percMembers!$B$63:$BC$63,assumptions!AL$2,baseCase_percMembers!$B7:$BC7) -> 0.117 | AM9: =AVERAGEIF(baseCase_percMembers!$B$63:$BC$63,assumptions!AM$2,baseCase_percMembers!$B7:$BC7) -> 0.117 | AN9: =AVERAGEIF(baseCase_percMembers!$B$63:$BC$63,assumptions!AN$2,baseCase_percMembers!$B7:$BC7) -> 0.117 | AO9: =AVERAGEIF(baseCase_percMembers!$B$63:$BC$63,assumptions!AO$2,baseCase_percMembers!$B7:$BC7) -> 0.117 | AP9: =AVERAGEIF(baseCase_percMembers!$B$63:$BC$63,assumptions!AP$2,baseCase_percMembers!$B7:$BC7) -> 0.117 | AQ9: =AVERAGEIF(baseCase_percMembers!$B$63:$BC$63,assumptions!AQ$2,baseCase_percMembers!$B7:$BC7) -> 0.117 | AR9: =AVERAGEIF(baseCase_percMembers!$B$63:$BC$63,assumptions!AR$2,baseCase_percMembers!$B7:$BC7) -> 0.117 | AS9: =AVERAGEIF(baseCase_percMembers!$B$63:$BC$63,assumptions!AS$2,baseCase_percMembers!$B7:$BC7) -> 0.117 | AT9: =AVERAGEIF(baseCase_percMembers!$B$63:$BC$63,assumptions!AT$2,baseCase_percMembers!$B7:$BC7) -> 0.117
G10: 2015 | H10: =AVERAGEIF(baseCase_projects!$B$63:$BC$63,assumptions!H$2,baseCase_projects!$B8:$BC8) -> 153 | I10: =AVERAGEIF(baseCase_projects!$B$63:$BC$63,assumptions!I$2,baseCase_projects!$B8:$BC8) -> 153 | J10: =AVERAGEIF(baseCase_projects!$B$63:$BC$63,assumptions!J$2,baseCase_projects!$B8:$BC8) -> 153 | K10: =AVERAGEIF(baseCase_projects!$B$63:$BC$63,assumptions!K$2,baseCase_projects!$B8:$BC8) -> 153 | L10: =AVERAGEIF(baseCase_projects!$B$63:$BC$63,assumptions!L$2,baseCase_projects!$B8:$BC8) -> 153 | M10: =AVERAGEIF(baseCase_projects!$B$63:$BC$63,assumptions!M$2,baseCase_projects!$B8:$BC8) -> 153 | N10: =AVERAGEIF(baseCase_projects!$B$63:$BC$63,assumptions!N$2,baseCase_projects!$B8:$BC8) -> 153 | O10: =AVERAGEIF(baseCase_projects!$B$63:$BC$63,assumptions!O$2,baseCase_projects!$B8:$BC8) -> 153 | P10: =AVERAGEIF(baseCase_projects!$B$63:$BC$63,assumptions!P$2,baseCase_projects!$B8:$BC8) -> 153 | R10: =AVERAGEIF(baseCase_ECs!$B$63:$BC$63,assumptions!R$2,baseCase_ECs!$B8:$BC8) -> 237 | S10: =AVERAGEIF(baseCase_ECs!$B$63:$BC$63,assumptions!S$2,baseCase_ECs!$B8:$BC8) -> 237 | T10: =AVERAGEIF(baseCase_ECs!$B$63:$BC$63,assumptions!T$2,baseCase_ECs!$B8:$BC8) -> 237 | U10: =AVERAGEIF(baseCase_ECs!$B$63:$BC$63,assumptions!U$2,baseCase_ECs!$B8:$BC8) -> 237 | V10: =AVERAGEIF(baseCase_ECs!$B$63:$BC$63,assumptions!V$2,baseCase_ECs!$B8:$BC8) -> 237 | W10: =AVERAGEIF(baseCase_ECs!$B$63:$BC$63,assumptions!W$2,baseCase_ECs!$B8:$BC8) -> 237 | X10: =AVERAGEIF(baseCase_ECs!$B$63:$BC$63,assumptions!X$2,baseCase_ECs!$B8:$BC8) -> 237 | Y10: =AVERAGEIF(baseCase_ECs!$B$63:$BC$63,assumptions!Y$2,baseCase_ECs!$B8:$BC8) -> 237 | Z10: =AVERAGEIF(baseCase_ECs!$B$63:$BC$63,assumptions!Z$2,baseCase_ECs!$B8:$BC8) -> 237 | AB10: =AVERAGEIF(baseCase_installedCap!$B$63:$BC$63,assumptions!AB$2,baseCase_installedCap!$B8:$BC8) -> 68391 | AC10: =AVERAGEIF(baseCase_installedCap!$B$63:$BC$63,assumptions!AC$2,baseCase_installedCap!$B8:$BC8) -> 68391 | AD10: =AVERAGEIF(baseCase_installedCap!$B$63:$BC$63,assumptions!AD$2,baseCase_installedCap!$B8:$BC8) -> 68391 | AE10: =AVERAGEIF(baseCase_installedCap!$B$63:$BC$63,assumptions!AE$2,baseCase_installedCap!$B8:$BC8) -> 68391 | AF10: =AVERAGEIF(baseCase_installedCap!$B$63:$BC$63,assumptions!AF$2,baseCase_installedCap!$B8:$BC8) -> 68391 | AG10: =AVERAGEIF(baseCase_installedCap!$B$63:$BC$63,assumptions!AG$2,baseCase_installedCap!$B8:$BC8) -> 68391 | AH10: =AVERAGEIF(baseCase_installedCap!$B$63:$BC$63,assumptions!AH$2,baseCase_installedCap!$B8:$BC8) -> 68391 | AI10: =AVERAGEIF(baseCase_installedCap!$B$63:$BC$63,assumptions!AI$2,baseCase_installedCap!$B8:$BC8) -> 68391 | AJ10: =AVERAGEIF(baseCase_installedCap!$B$63:$BC$63,assumptions!AJ$2,baseCase_installedCap!$B8:$BC8) -> 68391 | AL10: =AVERAGEIF(baseCase_percMembers!$B$63:$BC$63,assumptions!AL$2,baseCase_percMembers!$B8:$BC8) -> 0.178 | AM10: =AVERAGEIF(baseCase_percMembers!$B$63:$BC$63,assumptions!AM$2,baseCase_percMembers!$B8:$BC8) -> 0.178 | AN10: =AVERAGEIF(baseCase_percMembers!$B$63:$BC$63,assumptions!AN$2,baseCase_percMembers!$B8:$BC8) -> 0.178 | AO10: =AVERAGEIF(baseCase_percMembers!$B$63:$BC$63,assumptions!AO$2,baseCase_percMembers!$B8:$BC8) -> 0.178 | AP10: =AVERAGEIF(baseCase_percMembers!$B$63:$BC$63,assumptions!AP$2,baseCase_percMembers!$B8:$BC8) -> 0.178 | AQ10: =AVERAGEIF(baseCase_percMembers!$B$63:$BC$63,assumptions!AQ$2,baseCase_percMembers!$B8:$BC8) -> 0.178 | AR10: =AVERAGEIF(baseCase_percMembers!$B$63:$BC$63,assumptions!AR$2,baseCase_percMembers!$B8:$BC8) -> 0.178 | AS10: =AVERAGEIF(baseCase_percMembers!$B$63:$BC$63,assumptions!AS$2,baseCase_percMembers!$B8:$BC8) -> 0.178 | AT10: =AVERAGEIF(baseCase_percMembers!$B$63:$BC$63,assumptions!AT$2,baseCase_percMembers!$B8:$BC8) -> 0.178
G11: 2016 | H11: =AVERAGEIF(baseCase_projects!$B$63:$BC$63,assumptions!H$2,baseCase_projects!$B9:$BC9) -> 226 | I11: =AVERAGEIF(baseCase_projects!$B$63:$BC$63,assumptions!I$2,baseCase_projects!$B9:$BC9) -> 226 | J11: =AVERAGEIF(baseCase_projects!$B$63:$BC$63,assumptions!J$2,baseCase_projects!$B9:$BC9) -> 226 | K11: =AVERAGEIF(baseCase_projects!$B$63:$BC$63,assumptions!K$2,baseCase_projects!$B9:$BC9) -> 226 | L11: =AVERAGEIF(baseCase_projects!$B$63:$BC$63,assumptions!L$2,baseCase_projects!$B9:$BC9) -> 226 | M11: =AVERAGEIF(baseCase_projects!$B$63:$BC$63,assumptions!M$2,baseCase_projects!$B9:$BC9) -> 226 | N11: =AVERAGEIF(baseCase_projects!$B$63:$BC$63,assumptions!N$2,baseCase_projects!$B9:$BC9) -> 226 | O11: =AVERAGEIF(baseCase_projects!$B$63:$BC$63,assumptions!O$2,baseCase_projects!$B9:$BC9) -> 226 | P11: =AVERAGEIF(baseCase_projects!$B$63:$BC$63,assumptions!P$2,baseCase_projects!$B9:$BC9) -> 226 | R11: =AVERAGEIF(baseCase_ECs!$B$63:$BC$63,assumptions!R$2,baseCase_ECs!$B9:$BC9) -> 304 | S11: =AVERAGEIF(baseCase_ECs!$B$63:$BC$63,assumptions!S$2,baseCase_ECs!$B9:$BC9) -> 304 | T11: =AVERAGEIF(baseCase_ECs!$B$63:$BC$63,assumptions!T$2,baseCase_ECs!$B9:$BC9) -> 304 | U11: =AVERAGEIF(baseCase_ECs!$B$63:$BC$63,assumptions!U$2,baseCase_ECs!$B9:$BC9) -> 304 | V11: =AVERAGEIF(baseCase_ECs!$B$63:$BC$63,assumptions!V$2,baseCase_ECs!$B9:$BC9) -> 304 | W11: =AVERAGEIF(baseCase_ECs!$B$63:$BC$63,assumptions!W$2,baseCase_ECs!$B9:$BC9) -> 304 | X11: =AVERAGEIF(baseCase_ECs!$B$63:$BC$63,assumptions!X$2,baseCase_ECs!$B9:$BC9) -> 304 | Y11: =AVERAGEIF(baseCase_ECs!$B$63:$BC$63,assumptions!Y$2,baseCase_ECs!$B9:$BC9) -> 304 | Z11: =AVERAGEIF(baseCase_ECs!$B$63:$BC$63,assumptions!Z$2,baseCase_ECs!$B9:$BC9) -> 304 | AB11: =AVERAGEIF(baseCase_installedCap!$B$63:$BC$63,assumptions!AB$2,baseCase_installedCap!$B9:$BC9) -> 101022 | AC11: =AVERAGEIF(baseCase_installedCap!$B$63:$BC$63,assumptions!AC$2,baseCase_installedCap!$B9:$BC9) -> 101022 | AD11: =AVERAGEIF(baseCase_installedCap!$B$63:$BC$63,assumptions!AD$2,baseCase_installedCap!$B9:$BC9) -> 101022 | AE11: =AVERAGEIF(baseCase_installedCap!$B$63:$BC$63,assumptions!AE$2,baseCase_installedCap!$B9:$BC9) -> 101022 | AF11: =AVERAGEIF(baseCase_installedCap!$B$63:$BC$63,assumptions!AF$2,baseCase_installedCap!$B9:$BC9) -> 101022 | AG11: =AVERAGEIF(baseCase_installedCap!$B$63:$BC$63,assumptions!AG$2,baseCase_installedCap!$B9:$BC9) -> 101022 | AH11: =AVERAGEIF(baseCase_installedCap!$B$63:$BC$63,assumptions!AH$2,baseCase_installedCap!$B9:$BC9) -> 101022 | AI11: =AVERAGEIF(baseCase_installedCap!$B$63:$BC$63,assumptions!AI$2,baseCase_installedCap!$B9:$BC9) -> 101022 | AJ11: =AVERAGEIF(baseCase_installedCap!$B$63:$BC$63,assumptions!AJ$2,baseCase_installedCap!$B9:$BC9) -> 101022 | AL11: =AVERAGEIF(baseCase_percMembers!$B$63:$BC$63,assumptions!AL$2,baseCase_percMembers!$B9:$BC9) -> 0.259 | AM11: =AVERAGEIF(baseCase_percMembers!$B$63:$BC$63,assumptions!AM$2,baseCase_percMembers!$B9:$BC9) -> 0.259 | AN11: =AVERAGEIF(baseCase_percMembers!$B$63:$BC$63,assumptions!AN$2,baseCase_percMembers!$B9:$BC9) -> 0.259 | AO11: =AVERAGEIF(baseCase_percMembers!$B$63:$BC$63,assumptions!AO$2,baseCase_percMembers!$B9:$BC9) -> 0.259 | AP11: =AVERAGEIF(baseCase_percMembers!$B$63:$BC$63,assumptions!AP$2,baseCase_percMembers!$B9:$BC9) -> 0.259 | AQ11: =AVERAGEIF(baseCase_percMembers!$B$63:$BC$63,assumptions!AQ$2,baseCase_percMembers!$B9:$BC9) -> 0.259 | AR11: =AVERAGEIF(baseCase_percMembers!$B$63:$BC$63,assumptions!AR$2,baseCase_percMembers!$B9:$BC9) -> 0.259 | AS11: =AVERAGEIF(baseCase_percMembers!$B$63:$BC$63,assumptions!AS$2,baseCase_percMembers!$B9:$BC9) -> 0.259 | AT11: =AVERAGEIF(baseCase_percMembers!$B$63:$BC$63,assumptions!AT$2,baseCase_percMembers!$B9:$BC9) -> 0.259
G12: 2017 | H12: =AVERAGEIF(baseCase_projects!$B$63:$BC$63,assumptions!H$2,baseCase_projects!$B10:$BC10) -> 336 | I12: =AVERAGEIF(baseCase_projects!$B$63:$BC$63,assumptions!I$2,baseCase_projects!$B10:$BC10) -> 336 | J12: =AVERAGEIF(baseCase_projects!$B$63:$BC$63,assumptions!J$2,baseCase_projects!$B10:$BC10) -> 336 | K12: =AVERAGEIF(baseCase_projects!$B$63:$BC$63,assumptions!K$2,baseCase_projects!$B10:$BC10) -> 336 | L12: =AVERAGEIF(baseCase_projects!$B$63:$BC$63,assumptions!L$2,baseCase_projects!$B10:$BC10) -> 336 | M12: =AVERAGEIF(baseCase_projects!$B$63:$BC$63,assumptions!M$2,baseCase_projects!$B10:$BC10) -> 336 | N12: =AVERAGEIF(baseCase_projects!$B$63:$BC$63,assumptions!N$2,baseCase_projects!$B10:$BC10) -> 336 | O12: =AVERAGEIF(baseCase_projects!$B$63:$BC$63,assumptions!O$2,baseCase_projects!$B10:$BC10) -> 336 | P12: =AVERAGEIF(baseCase_projects!$B$63:$BC$63,assumptions!P$2,baseCase_projects!$B10:$BC10) -> 336 | R12: =AVERAGEIF(baseCase_ECs!$B$63:$BC$63,assumptions!R$2,baseCase_ECs!$B10:$BC10) -> 382 | S12: =AVERAGEIF(baseCase_ECs!$B$63:$BC$63,assumptions!S$2,baseCase_ECs!$B10:$BC10) -> 382 | T12: =AVERAGEIF(baseCase_ECs!$B$63:$BC$63,assumptions!T$2,baseCase_ECs!$B10:$BC10) -> 382 | U12: =AVERAGEIF(baseCase_ECs!$B$63:$BC$63,assumptions!U$2,baseCase_ECs!$B10:$BC10) -> 382 | V12: =AVERAGEIF(baseCase_ECs!$B$63:$BC$63,assumptions!V$2,baseCase_ECs!$B10:$BC10) -> 382 | W12: =AVERAGEIF(baseCase_ECs!$B$63:$BC$63,assumptions!W$2,baseCase_ECs!$B10:$BC10) -> 382 | X12: =AVERAGEIF(baseCase_ECs!$B$63:$BC$63,assumptions!X$2,baseCase_ECs!$B10:$BC10) -> 382 | Y12: =AVERAGEIF(baseCase_ECs!$B$63:$BC$63,assumptions!Y$2,baseCase_ECs!$B10:$BC10) -> 382 | Z12: =AVERAGEIF(baseCase_ECs!$B$63:$BC$63,assumptions!Z$2,baseCase_ECs!$B10:$BC10) -> 382 | AB12: =AVERAGEIF(baseCase_installedCap!$B$63:$BC$63,assumptions!AB$2,baseCase_installedCap!$B10:$BC10) -> 150192 | AC12: =AVERAGEIF(baseCase_installedCap!$B$63:$BC$63,assumptions!AC$2,baseCase_installedCap!$B10:$BC10) -> 150192 | AD12: =AVERAGEIF(baseCase_installedCap!$B$63:$BC$63,assumptions!AD$2,baseCase_installedCap!$B10:$BC10) -> 150192 | AE12: =AVERAGEIF(baseCase_installedCap!$B$63:$BC$63,assumptions!AE$2,baseCase_installedCap!$B10:$BC10) -> 150192 | AF12: =AVERAGEIF(baseCase_installedCap!$B$63:$BC$63,assumptions!AF$2,baseCase_installedCap!$B10:$BC10) -> 150192 | AG12: =AVERAGEIF(baseCase_installedCap!$B$63:$BC$63,assumptions!AG$2,baseCase_installedCap!$B10:$BC10) -> 150192 | AH12: =AVERAGEIF(baseCase_installedCap!$B$63:$BC$63,assumptions!AH$2,baseCase_installedCap!$B10:$BC10) -> 150192 | AI12: =AVERAGEIF(baseCase_installedCap!$B$63:$BC$63,assumptions!AI$2,baseCase_installedCap!$B10:$BC10) -> 150192 | AJ12: =AVERAGEIF(baseCase_installedCap!$B$63:$BC$63,assumptions!AJ$2,baseCase_installedCap!$B10:$BC10) -> 150192 | AL12: =AVERAGEIF(baseCase_percMembers!$B$63:$BC$63,assumptions!AL$2,baseCase_percMembers!$B10:$BC10) -> 0.381 | AM12: =AVERAGEIF(baseCase_percMembers!$B$63:$BC$63,assumptions!AM$2,baseCase_percMembers!$B10:$BC10) -> 0.381 | AN12: =AVERAGEIF(baseCase_percMembers!$B$63:$BC$63,assumptions!AN$2,baseCase_percMembers!$B10:$BC10) -> 0.381 | AO12: =AVERAGEIF(baseCase_percMembers!$B$63:$BC$63,assumptions!AO$2,baseCase_percMembers!$B10:$BC10) -> 0.381 | AP12: =AVERAGEIF(baseCase_percMembers!$B$63:$BC$63,assumptions!AP$2,baseCase_percMembers!$B10:$BC10) -> 0.381 | AQ12: =AVERAGEIF(baseCase_percMembers!$B$63:$BC$63,assumptions!AQ$2,baseCase_percMembers!$B10:$BC10) -> 0.381 | AR12: =AVERAGEIF(baseCase_percMembers!$B$63:$BC$63,assumptions!AR$2,baseCase_percMembers!$B10:$BC10) -> 0.381 | AS12: =AVERAGEIF(baseCase_percMembers!$B$63:$BC$63,assumptions!AS$2,baseCase_percMembers!$B10:$BC10) -> 0.381 | AT12: =AVERAGEIF(baseCase_percMembers!$B$63:$BC$63,assumptions!AT$2,baseCase_percMembers!$B10:$BC10) -> 0.381
G13: 2018 | H13: =AVERAGEIF(baseCase_projects!$B$63:$BC$63,assumptions!H$2,baseCase_projects!$B11:$BC11) -> 524 | I13: =AVERAGEIF(baseCase_projects!$B$63:$BC$63,assumptions!I$2,baseCase_projects!$B11:$BC11) -> 524 | J13: =AVERAGEIF(baseCase_projects!$B$63:$BC$63,assumptions!J$2,baseCase_projects!$B11:$BC11) -> 524 | K13: =AVERAGEIF(baseCase_projects!$B$63:$BC$63,assumptions!K$2,baseCase_projects!$B11:$BC11) -> 524 | L13: =AVERAGEIF(baseCase_projects!$B$63:$BC$63,assumptions!L$2,baseCase_projects!$B11:$BC11) -> 524 | M13: =AVERAGEIF(baseCase_projects!$B$63:$BC$63,assumptions!M$2,baseCase_projects!$B11:$BC11) -> 524 | N13: =AVERAGEIF(baseCase_projects!$B$63:$BC$63,assumptions!N$2,baseCase_projects!$B11:$BC11) -> 524 | O13: =AVERAGEIF(baseCase_projects!$B$63:$BC$63,assumptions!O$2,baseCase_projects!$B11:$BC11) -> 524 | P13: =AVERAGEIF(baseCase_projects!$B$63:$BC$63,assumptions!P$2,baseCase_projects!$B11:$BC11) -> 524 | R13: =AVERAGEIF(baseCase_ECs!$B$63:$BC$63,assumptions!R$2,baseCase_ECs!$B11:$BC11) -> 476 | S13: =AVERAGEIF(baseCase_ECs!$B$63:$BC$63,assumptions!S$2,baseCase_ECs!$B11:$BC11) -> 476 | T13: =AVERAGEIF(baseCase_ECs!$B$63:$BC$63,assumptions!T$2,baseCase_ECs!$B11:$BC11) -> 476 | U13: =AVERAGEIF(baseCase_ECs!$B$63:$BC$63,assumptions!U$2,baseCase_ECs!$B11:$BC11) -> 476 | V13: =AVERAGEIF(baseCase_ECs!$B$63:$BC$63,assumptions!V$2,baseCase_ECs!$B11:$BC11) -> 476 | W13: =AVERAGEIF(baseCase_ECs!$B$63:$BC$63,assumptions!W$2,baseCase_ECs!$B11:$BC11) -> 476 | X13: =AVERAGEIF(baseCase_ECs!$B$63:$BC$63,assumptions!X$2,baseCase_ECs!$B11:$BC11) -> 476 | Y13: =AVERAGEIF(baseCase_ECs!$B$63:$BC$63,assumptions!Y$2,baseCase_ECs!$B11:$BC11) -> 476 | Z13: =AVERAGEIF(baseCase_ECs!$B$63:$BC$63,assumptions!Z$2,baseCase_ECs!$B11:$BC11) -> 476 | AB13: =AVERAGEIF(baseCase_installedCap!$B$63:$BC$63,assumptions!AB$2,baseCase_installedCap!$B11:$BC11) -> 234228 | AC13: =AVERAGEIF(baseCase_installedCap!$B$63:$BC$63,assumptions!AC$2,baseCase_installedCap!$B11:$BC11) -> 234228 | AD13: =AVERAGEIF(baseCase_installedCap!$B$63:$BC$63,assumptions!AD$2,baseCase_installedCap!$B11:$BC11) -> 234228 | AE13: =AVERAGEIF(baseCase_installedCap!$B$63:$BC$63,assumptions!AE$2,baseCase_installedCap!$B11:$BC11) -> 234228 | AF13: =AVERAGEIF(baseCase_installedCap!$B$63:$BC$63,assumptions!AF$2,baseCase_installedCap!$B11:$BC11) -> 234228 | AG13: =AVERAGEIF(baseCase_installedCap!$B$63:$BC$63,assumptions!AG$2,baseCase_installedCap!$B11:$BC11) -> 234228 | AH13: =AVERAGEIF(baseCase_installedCap!$B$63:$BC$63,assumptions!AH$2,baseCase_installedCap!$B11:$BC11) -> 234228 | AI13: =AVERAGEIF(baseCase_installedCap!$B$63:$BC$63,assumptions!AI$2,baseCase_installedCap!$B11:$BC11) -> 234228 | AJ13: =AVERAGEIF(baseCase_installedCap!$B$63:$BC$63,assumptions!AJ$2,baseCase_installedCap!$B11:$BC11) -> 234228 | AL13: =AVERAGEIF(baseCase_percMembers!$B$63:$BC$63,assumptions!AL$2,baseCase_percMembers!$B11:$BC11) -> 0.589 | AM13: =AVERAGEIF(baseCase_percMembers!$B$63:$BC$63,assumptions!AM$2,baseCase_percMembers!$B11:$BC11) -> 0.589 | AN13: =AVERAGEIF(baseCase_percMembers!$B$63:$BC$63,assumptions!AN$2,baseCase_percMembers!$B11:$BC11) -> 0.589 | AO13: =AVERAGEIF(baseCase_percMembers!$B$63:$BC$63,assumptions!AO$2,baseCase_percMembers!$B11:$BC11) -> 0.589 | AP13: =AVERAGEIF(baseCase_percMembers!$B$63:$BC$63,assumptions!AP$2,baseCase_percMembers!$B11:$BC11) -> 0.589 | AQ13: =AVERAGEIF(baseCase_percMembers!$B$63:$BC$63,assumptions!AQ$2,baseCase_percMembers!$B11:$BC11) -> 0.589 | AR13: =AVERAGEIF(baseCase_percMembers!$B$63:$BC$63,assumptions!AR$2,baseCase_percMembers!$B11:$BC11) -> 0.589 | AS13: =AVERAGEIF(baseCase_percMembers!$B$63:$BC$63,assumptions!AS$2,baseCase_percMembers!$B11:$BC11) -> 0.589 | AT13: =AVERAGEIF(baseCase_percMembers!$B$63:$BC$63,assumptions!AT$2,baseCase_percMembers!$B11:$BC11) -> 0.589
G14: 2019 | H14: =AVERAGEIF(baseCase_projects!$B$63:$BC$63,assumptions!H$2,baseCase_projects!$B12:$BC12) -> 726 | I14: =AVERAGEIF(baseCase_projects!$B$63:$BC$63,assumptions!I$2,baseCase_projects!$B12:$BC12) -> 726 | J14: =AVERAGEIF(baseCase_projects!$B$63:$BC$63,assumptions!J$2,baseCase_projects!$B12:$BC12) -> 726 | K14: =AVERAGEIF(baseCase_projects!$B$63:$BC$63,assumptions!K$2,baseCase_projects!$B12:$BC12) -> 726 | L14: =AVERAGEIF(baseCase_projects!$B$63:$BC$63,assumptions!L$2,baseCase_projects!$B12:$BC12) -> 726 | M14: =AVERAGEIF(baseCase_projects!$B$63:$BC$63,assumptions!M$2,baseCase_projects!$B12:$BC12) -> 726 | N14: =AVERAGEIF(baseCase_projects!$B$63:$BC$63,assumptions!N$2,baseCase_projects!$B12:$BC12) -> 726 | O14: =AVERAGEIF(baseCase_projects!$B$63:$BC$63,assumptions!O$2,baseCase_projects!$B12:$BC12) -> 726 | P14: =AVERAGEIF(baseCase_projects!$B$63:$BC$63,assumptions!P$2,baseCase_projects!$B12:$BC12) -> 726 | R14: =AVERAGEIF(baseCase_ECs!$B$63:$BC$63,assumptions!R$2,baseCase_ECs!$B12:$BC12) -> 560 | S14: =AVERAGEIF(baseCase_ECs!$B$63:$BC$63,assumptions!S$2,baseCase_ECs!$B12:$BC12) -> 560 | T14: =AVERAGEIF(baseCase_ECs!$B$63:$BC$63,assumptions!T$2,baseCase_ECs!$B12:$BC12) -> 560 | U14: =AVERAGEIF(baseCase_ECs!$B$63:$BC$63,assumptions!U$2,baseCase_ECs!$B12:$BC12) -> 560 | V14: =AVERAGEIF(baseCase_ECs!$B$63:$BC$63,assumptions!V$2,baseCase_ECs!$B12:$BC12) -> 560 | W14: =AVERAGEIF(baseCase_ECs!$B$63:$BC$63,assumptions!W$2,baseCase_ECs!$B12:$BC12) -> 560 | X14: =AVERAGEIF(baseCase_ECs!$B$63:$BC$63,assumptions!X$2,baseCase_ECs!$B12:$BC12) -> 560 | Y14: =AVERAGEIF(baseCase_ECs!$B$63:$BC$63,assumptions!Y$2,baseCase_ECs!$B12:$BC12) -> 560 | Z14: =AVERAGEIF(baseCase_ECs!$B$63:$BC$63,assumptions!Z$2,baseCase_ECs!$B12:$BC12) -> 560 | AB14: =AVERAGEIF(baseCase_installedCap!$B$63:$BC$63,assumptions!AB$2,baseCase_installedCap!$B12:$BC12) -> 324522 | AC14: =AVERAGEIF(baseCase_installedCap!$B$63:$BC$63,assumptions!AC$2,baseCase_installedCap!$B12:$BC12) -> 324522 | AD14: =AVERAGEIF(baseCase_installedCap!$B$63:$BC$63,assumptions!AD$2,baseCase_installedCap!$B12:$BC12) -> 324522 | AE14: =AVERAGEIF(baseCase_installedCap!$B$63:$BC$63,assumptions!AE$2,baseCase_installedCap!$B12:$BC12) -> 324522 | AF14: =AVERAGEIF(baseCase_installedCap!$B$63:$BC$63,assumptions!AF$2,baseCase_installedCap!$B12:$BC12) -> 324522 | AG14: =AVERAGEIF(baseCase_installedCap!$B$63:$BC$63,assumptions!AG$2,baseCase_installedCap!$B12:$BC12) -> 324522 | AH14: =AVERAGEIF(baseCase_installedCap!$B$63:$BC$63,assumptions!AH$2,baseCase_installedCap!$B12:$BC12) -> 324522 | AI14: =AVERAGEIF(baseCase_installedCap!$B$63:$BC$63,assumptions!AI$2,baseCase_installedCap!$B12:$BC12) -> 324522 | AJ14: =AVERAGEIF(baseCase_installedCap!$B$63:$BC$63,assumptions!AJ$2,baseCase_installedCap!$B12:$BC12) -> 324522 | AL14: =AVERAGEIF(baseCase_percMembers!$B$63:$BC$63,assumptions!AL$2,baseCase_percMembers!$B12:$BC12) -> 0.816 | AM14: =AVERAGEIF(baseCase_percMembers!$B$63:$BC$63,assumptions!AM$2,baseCase_percMembers!$B12:$BC12) -> 0.816 | AN14: =AVERAGEIF(baseCase_percMembers!$B$63:$BC$63,assumptions!AN$2,baseCase_percMembers!$B12:$BC12) -> 0.816 | AO14: =AVERAGEIF(baseCase_percMembers!$B$63:$BC$63,assumptions!AO$2,baseCase_percMembers!$B12:$BC12) -> 0.816 | AP14: =AVERAGEIF(baseCase_percMembers!$B$63:$BC$63,assumptions!AP$2,baseCase_percMembers!$B12:$BC12) -> 0.816 | AQ14: =AVERAGEIF(baseCase_percMembers!$B$63:$BC$63,assumptions!AQ$2,baseCase_percMembers!$B12:$BC12) -> 0.816 | AR14: =AVERAGEIF(baseCase_percMembers!$B$63:$BC$63,assumptions!AR$2,baseCase_percMembers!$B12:$BC12) -> 0.816 | AS14: =AVERAGEIF(baseCase_percMembers!$B$63:$BC$63,assumptions!AS$2,baseCase_percMembers!$B12:$BC12) -> 0.816 | AT14: =AVERAGEIF(baseCase_percMembers!$B$63:$BC$63,assumptions!AT$2,baseCase_percMembers!$B12:$BC12) -> 0.816
G15: 2020 | H15: =AVERAGEIF(baseCase_projects!$B$63:$BC$63,assumptions!H$2,baseCase_projects!$B13:$BC13) -> 898 | I15: =AVERAGEIF(baseCase_projects!$B$63:$BC$63,assumptions!I$2,baseCase_projects!$B13:$BC13) -> 898 | J15: =AVERAGEIF(baseCase_projects!$B$63:$BC$63,assumptions!J$2,baseCase_projects!$B13:$BC13) -> 898 | K15: =AVERAGEIF(baseCase_projects!$B$63:$BC$63,assumptions!K$2,baseCase_projects!$B13:$BC13) -> 898 | L15: =AVERAGEIF(baseCase_projects!$B$63:$BC$63,assumptions!L$2,baseCase_projects!$B13:$BC13) -> 898 | M15: =AVERAGEIF(baseCase_projects!$B$63:$BC$63,assumptions!M$2,baseCase_projects!$B13:$BC13) -> 898 | N15: =AVERAGEIF(baseCase_projects!$B$63:$BC$63,assumptions!N$2,baseCase_projects!$B13:$BC13) -> 898 | O15: =AVERAGEIF(baseCase_projects!$B$63:$BC$63,assumptions!O$2,baseCase_projects!$B13:$BC13) -> 898 | P15: =AVERAGEIF(baseCase_projects!$B$63:$BC$63,assumptions!P$2,baseCase_projects!$B13:$BC13) -> 898 | R15: =AVERAGEIF(baseCase_ECs!$B$63:$BC$63,assumptions!R$2,baseCase_ECs!$B13:$BC13) -> 613 | S15: =AVERAGEIF(baseCase_ECs!$B$63:$BC$63,assumptions!S$2,baseCase_ECs!$B13:$BC13) -> 613 | T15: =AVERAGEIF(baseCase_ECs!$B$63:$BC$63,assumptions!T$2,baseCase_ECs!$B13:$BC13) -> 613 | U15: =AVERAGEIF(baseCase_ECs!$B$63:$BC$63,assumptions!U$2,baseCase_ECs!$B13:$BC13) -> 613 | V15: =AVERAGEIF(baseCase_ECs!$B$63:$BC$63,assumptions!V$2,baseCase_ECs!$B13:$BC13) -> 613 | W15: =AVERAGEIF(baseCase_ECs!$B$63:$BC$63,assumptions!W$2,baseCase_ECs!$B13:$BC13) -> 613 | X15: =AVERAGEIF(baseCase_ECs!$B$63:$BC$63,assumptions!X$2,baseCase_ECs!$B13:$BC13) -> 613 | Y15: =AVERAGEIF(baseCase_ECs!$B$63:$BC$63,assumptions!Y$2,baseCase_ECs!$B13:$BC13) -> 613 | Z15: =AVERAGEIF(baseCase_ECs!$B$63:$BC$63,assumptions!Z$2,baseCase_ECs!$B13:$BC13) -> 613 | AB15: =AVERAGEIF(baseCase_installedCap!$B$63:$BC$63,assumptions!AB$2,baseCase_installedCap!$B13:$BC13) -> 401406 | AC15: =AVERAGEIF(baseCase_installedCap!$B$63:$BC$63,assumptions!AC$2,baseCase_installedCap!$B13:$BC13) -> 401406 | AD15: =AVERAGEIF(baseCase_installedCap!$B$63:$BC$63,assumptions!AD$2,baseCase_installedCap!$B13:$BC13) -> 401406 | AE15: =AVERAGEIF(baseCase_installedCap!$B$63:$BC$63,assumptions!AE$2,baseCase_installedCap!$B13:$BC13) -> 401406 | AF15: =AVERAGEIF(baseCase_installedCap!$B$63:$BC$63,assumptions!AF$2,baseCase_installedCap!$B13:$BC13) -> 401406 | AG15: =AVERAGEIF(baseCase_installedCap!$B$63:$BC$63,assumptions!AG$2,baseCase_installedCap!$B13:$BC13) -> 401406 | AH15: =AVERAGEIF(baseCase_installedCap!$B$63:$BC$63,assumptions!AH$2,baseCase_installedCap!$B13:$BC13) -> 401406 | AI15: =AVERAGEIF(baseCase_installedCap!$B$63:$BC$63,assumptions!AI$2,baseCase_installedCap!$B13:$BC13) -> 401406 | AJ15: =AVERAGEIF(baseCase_installedCap!$B$63:$BC$63,assumptions!AJ$2,baseCase_installedCap!$B13:$BC13) -> 401406 | AL15: =AVERAGEIF(baseCase_percMembers!$B$63:$BC$63,assumptions!AL$2,baseCase_percMembers!$B13:$BC13) -> 1.01 | AM15: =AVERAGEIF(baseCase_percMembers!$B$63:$BC$63,assumptions!AM$2,baseCase_percMembers!$B13:$BC13) -> 1.01 | AN15: =AVERAGEIF(baseCase_percMembers!$B$63:$BC$63,assumptions!AN$2,baseCase_percMembers!$B13:$BC13) -> 1.01 | AO15: =AVERAGEIF(baseCase_percMembers!$B$63:$BC$63,assumptions!AO$2,baseCase_percMembers!$B13:$BC13) -> 1.01 | AP15: =AVERAGEIF(baseCase_percMembers!$B$63:$BC$63,assumptions!AP$2,baseCase_percMembers!$B13:$BC13) -> 1.01 | AQ15: =AVERAGEIF(baseCase_percMembers!$B$63:$BC$63,assumptions!AQ$2,baseCase_percMembers!$B13:$BC13) -> 1.01 | AR15: =AVERAGEIF(baseCase_percMembers!$B$63:$BC$63,assumptions!AR$2,baseCase_percMembers!$B13:$BC13) -> 1.01 | AS15: =AVERAGEIF(baseCase_percMembers!$B$63:$BC$63,assumptions!AS$2,baseCase_percMembers!$B13:$BC13) -> 1.01 | AT15: =AVERAGEIF(baseCase_percMembers!$B$63:$BC$63,assumptions!AT$2,baseCase_percMembers!$B13:$BC13) -> 1.01
G16: 2021 | H16: =AVERAGEIF(baseCase_projects!$B$63:$BC$63,assumptions!H$2,baseCase_projects!$B14:$BC14) -> 1025 | I16: =AVERAGEIF(baseCase_projects!$B$63:$BC$63,assumptions!I$2,baseCase_projects!$B14:$BC14) -> 1025 | J16: =AVERAGEIF(baseCase_projects!$B$63:$BC$63,assumptions!J$2,baseCase_projects!$B14:$BC14) -> 1025 | K16: =AVERAGEIF(baseCase_projects!$B$63:$BC$63,assumptions!K$2,baseCase_projects!$B14:$BC14) -> 1025 | L16: =AVERAGEIF(baseCase_projects!$B$63:$BC$63,assumptions!L$2,baseCase_projects!$B14:$BC14) -> 1025 | M16: =AVERAGEIF(baseCase_projects!$B$63:$BC$63,assumptions!M$2,baseCase_projects!$B14:$BC14) -> 1025 | N16: =AVERAGEIF(baseCase_projects!$B$63:$BC$63,assumptions!N$2,baseCase_projects!$B14:$BC14) -> 1025 | O16: =AVERAGEIF(baseCase_projects!$B$63:$BC$63,assumptions!O$2,baseCase_projects!$B14:$BC14) -> 1025 | P16: =AVERAGEIF(baseCase_projects!$B$63:$BC$63,assumptions!P$2,baseCase_projects!$B14:$BC14) -> 1025 | R16: =AVERAGEIF(baseCase_ECs!$B$63:$BC$63,assumptions!R$2,baseCase_ECs!$B14:$BC14) -> 663 | S16: =AVERAGEIF(baseCase_ECs!$B$63:$BC$63,assumptions!S$2,baseCase_ECs!$B14:$BC14) -> 663 | T16: =AVERAGEIF(baseCase_ECs!$B$63:$BC$63,assumptions!T$2,baseCase_ECs!$B14:$BC14) -> 663 | U16: =AVERAGEIF(baseCase_ECs!$B$63:$BC$63,assumptions!U$2,baseCase_ECs!$B14:$BC14) -> 663 | V16: =AVERAGEIF(baseCase_ECs!$B$63:$BC$63,assumptions!V$2,baseCase_ECs!$B14:$BC14) -> 663 | W16: =AVERAGEIF(baseCase_ECs!$B$63:$BC$63,assumptions!W$2,baseCase_ECs!$B14:$BC14) -> 663 | X16: =AVERAGEIF(baseCase_ECs!$B$63:$BC$63,assumptions!X$2,baseCase_ECs!$B14:$BC14) -> 663 | Y16: =AVERAGEIF(baseCase_ECs!$B$63:$BC$63,assumptions!Y$2,baseCase_ECs!$B14:$BC14) -> 663 | Z16: =AVERAGEIF(baseCase_ECs!$B$63:$BC$63,assumptions!Z$2,baseCase_ECs!$B14:$BC14) -> 663 | AB16: =AVERAGEIF(baseCase_installedCap!$B$63:$BC$63,assumptions!AB$2,baseCase_installedCap!$B14:$BC14) -> 458175 | AC16: =AVERAGEIF(baseCase_installedCap!$B$63:$BC$63,assumptions!AC$2,baseCase_installedCap!$B14:$BC14) -> 458175 | AD16: =AVERAGEIF(baseCase_installedCap!$B$63:$BC$63,assumptions!AD$2,baseCase_installedCap!$B14:$BC14) -> 458175 | AE16: =AVERAGEIF(baseCase_installedCap!$B$63:$BC$63,assumptions!AE$2,baseCase_installedCap!$B14:$BC14) -> 458175 | AF16: =AVERAGEIF(baseCase_installedCap!$B$63:$BC$63,assumptions!AF$2,baseCase_installedCap!$B14:$BC14) -> 458175 | AG16: =AVERAGEIF(baseCase_installedCap!$B$63:$BC$63,assumptions!AG$2,baseCase_installedCap!$B14:$BC14) -> 458175 | AH16: =AVERAGEIF(baseCase_installedCap!$B$63:$BC$63,assumptions!AH$2,baseCase_installedCap!$B14:$BC14) -> 458175 | AI16: =AVERAGEIF(baseCase_installedCap!$B$63:$BC$63,assumptions!AI$2,baseCase_installedCap!$B14:$BC14) -> 458175 | AJ16: =AVERAGEIF(baseCase_installedCap!$B$63:$BC$63,assumptions!AJ$2,baseCase_installedCap!$B14:$BC14) -> 458175 | AL16: =AVERAGEIF(baseCase_percMembers!$B$63:$BC$63,assumptions!AL$2,baseCase_percMembers!$B14:$BC14) -> 1.153 | AM16: =AVERAGEIF(baseCase_percMembers!$B$63:$BC$63,assumptions!AM$2,baseCase_percMembers!$B14:$BC14) -> 1.153 | AN16: =AVERAGEIF(baseCase_percMembers!$B$63:$BC$63,assumptions!AN$2,baseCase_percMembers!$B14:$BC14) -> 1.153 | AO16: =AVERAGEIF(baseCase_percMembers!$B$63:$BC$63,assumptions!AO$2,baseCase_percMembers!$B14:$BC14) -> 1.153 | AP16: =AVERAGEIF(baseCase_percMembers!$B$63:$BC$63,assumptions!AP$2,baseCase_percMembers!$B14:$BC14) -> 1.153 | AQ16: =AVERAGEIF(baseCase_percMembers!$B$63:$BC$63,assumptions!AQ$2,baseCase_percMembers!$B14:$BC14) -> 1.153 | AR16: =AVERAGEIF(baseCase_percMembers!$B$63:$BC$63,assumptions!AR$2,baseCase_percMembers!$B14:$BC14) -> 1.153 | AS16: =AVERAGEIF(baseCase_percMembers!$B$63:$BC$63,assumptions!AS$2,baseCase_percMembers!$B14:$BC14) -> 1.153 | AT16: =AVERAGEIF(baseCase_percMembers!$B$63:$BC$63,assumptions!AT$2,baseCase_percMembers!$B14:$BC14) -> 1.153
G17: 2022 | H17: =AVERAGEIF(baseCase_projects!$B$63:$BC$63,assumptions!H$2,baseCase_projects!$B15:$BC15) -> 1210 | I17: =AVERAGEIF(baseCase_projects!$B$63:$BC$63,assumptions!I$2,baseCase_projects!$B15:$BC15) -> 1210 | J17: =AVERAGEIF(baseCase_projects!$B$63:$BC$63,assumptions!J$2,baseCase_projects!$B15:$BC15) -> 1210 | K17: =AVERAGEIF(baseCase_projects!$B$63:$BC$63,assumptions!K$2,baseCase_projects!$B15:$BC15) -> 1210 | L17: =AVERAGEIF(baseCase_projects!$B$63:$BC$63,assumptions!L$2,baseCase_projects!$B15:$BC15) -> 1210 | M17: =AVERAGEIF(baseCase_projects!$B$63:$BC$63,assumptions!M$2,baseCase_projects!$B15:$BC15) -> 1210 | N17: =AVERAGEIF(baseCase_projects!$B$63:$BC$63,assumptions!N$2,baseCase_projects!$B15:$BC15) -> 1210 | O17: =AVERAGEIF(baseCase_projects!$B$63:$BC$63,assumptions!O$2,baseCase_projects!$B15:$BC15) -> 1210 | P17: =AVERAGEIF(baseCase_projects!$B$63:$BC$63,assumptions!P$2,baseCase_projects!$B15:$BC15) -> 1210 | R17: =AVERAGEIF(baseCase_ECs!$B$63:$BC$63,assumptions!R$2,baseCase_ECs!$B15:$BC15) -> 688 | S17: =AVERAGEIF(baseCase_ECs!$B$63:$BC$63,assumptions!S$2,baseCase_ECs!$B15:$BC15) -> 688 | T17: =AVERAGEIF(baseCase_ECs!$B$63:$BC$63,assumptions!T$2,baseCase_ECs!$B15:$BC15) -> 688 | U17: =AVERAGEIF(baseCase_ECs!$B$63:$BC$63,assumptions!U$2,baseCase_ECs!$B15:$BC15) -> 688 | V17: =AVERAGEIF(baseCase_ECs!$B$63:$BC$63,assumptions!V$2,baseCase_ECs!$B15:$BC15) -> 688 | W17: =AVERAGEIF(baseCase_ECs!$B$63:$BC$63,assumptions!W$2,baseCase_ECs!$B15:$BC15) -> 688 | X17: =AVERAGEIF(baseCase_ECs!$B$63:$BC$63,assumptions!X$2,baseCase_ECs!$B15:$BC15) -> 688 | Y17: =AVERAGEIF(baseCase_ECs!$B$63:$BC$63,assumptions!Y$2,baseCase_ECs!$B15:$BC15) -> 688 | Z17: =AVERAGEIF(baseCase_ECs!$B$63:$BC$63,assumptions!Z$2,baseCase_ECs!$B15:$BC15) -> 688 | AB17: =AVERAGEIF(baseCase_installedCap!$B$63:$BC$63,assumptions!AB$2,baseCase_installedCap!$B15:$BC15) -> 540870 | AC17: =AVERAGEIF(baseCase_installedCap!$B$63:$BC$63,assumptions!AC$2,baseCase_installedCap!$B15:$BC15) -> 540870 | AD17: =AVERAGEIF(baseCase_installedCap!$B$63:$BC$63,assumptions!AD$2,baseCase_installedCap!$B15:$BC15) -> 540870 | AE17: =AVERAGEIF(baseCase_installedCap!$B$63:$BC$63,assumptions!AE$2,baseCase_installedCap!$B15:$BC15) -> 540870 | AF17: =AVERAGEIF(baseCase_installedCap!$B$63:$BC$63,assumptions!AF$2,baseCase_installedCap!$B15:$BC15) -> 540870 | AG17: =AVERAGEIF(baseCase_installedCap!$B$63:$BC$63,assumptions!AG$2,baseCase_installedCap!$B15:$BC15) -> 540870 | AH17: =AVERAGEIF(baseCase_installedCap!$B$63:$BC$63,assumptions!AH$2,baseCase_installedCap!$B15:$BC15) -> 540870 | AI17: =AVERAGEIF(baseCase_installedCap!$B$63:$BC$63,assumptions!AI$2,baseCase_installedCap!$B15:$BC15) -> 540870 | AJ17: =AVERAGEIF(baseCase_installedCap!$B$63:$BC$63,assumptions!AJ$2,baseCase_installedCap!$B15:$BC15) -> 540870 | AL17: =AVERAGEIF(baseCase_percMembers!$B$63:$BC$63,assumptions!AL$2,baseCase_percMembers!$B15:$BC15) -> 1.361 | AM17: =AVERAGEIF(baseCase_percMembers!$B$63:$BC$63,assumptions!AM$2,baseCase_percMembers!$B15:$BC15) -> 1.361 | AN17: =AVERAGEIF(baseCase_percMembers!$B$63:$BC$63,assumptions!AN$2,baseCase_percMembers!$B15:$BC15) -> 1.361 | AO17: =AVERAGEIF(baseCase_percMembers!$B$63:$BC$63,assumptions!AO$2,baseCase_percMembers!$B15:$BC15) -> 1.361 | AP17: =AVERAGEIF(baseCase_percMembers!$B$63:$BC$63,assumptions!AP$2,baseCase_percMembers!$B15:$BC15) -> 1.361 | AQ17: =AVERAGEIF(baseCase_percMembers!$B$63:$BC$63,assumptions!AQ$2,baseCase_percMembers!$B15:$BC15) -> 1.361 | AR17: =AVERAGEIF(baseCase_percMembers!$B$63:$BC$63,assumptions!AR$2,baseCase_percMembers!$B15:$BC15) -> 1.361 | AS17: =AVERAGEIF(baseCase_percMembers!$B$63:$BC$63,assumptions!AS$2,baseCase_percMembers!$B15:$BC15) -> 1.361 | AT17: =AVERAGEIF(baseCase_percMembers!$B$63:$BC$63,assumptions!AT$2,baseCase_percMembers!$B15:$BC15) -> 1.361
G18: 2023 | H18: =AVERAGEIF(baseCase_projects!$B$63:$BC$63,assumptions!H$2,baseCase_projects!$B16:$BC16) -> 1374 | I18: =AVERAGEIF(baseCase_projects!$B$63:$BC$63,assumptions!I$2,baseCase_projects!$B16:$BC16) -> 1374 | J18: =AVERAGEIF(baseCase_projects!$B$63:$BC$63,assumptions!J$2,baseCase_projects!$B16:$BC16) -> 1374 | K18: =AVERAGEIF(baseCase_projects!$B$63:$BC$63,assumptions!K$2,baseCase_projects!$B16:$BC16) -> 1374 | L18: =AVERAGEIF(baseCase_projects!$B$63:$BC$63,assumptions!L$2,baseCase_projects!$B16:$BC16) -> 1374 | M18: =AVERAGEIF(baseCase_projects!$B$63:$BC$63,assumptions!M$2,baseCase_projects!$B16:$BC16) -> 1374 | N18: =AVERAGEIF(baseCase_projects!$B$63:$BC$63,assumptions!N$2,baseCase_projects!$B16:$BC16) -> 1374 | O18: =AVERAGEIF(baseCase_projects!$B$63:$BC$63,assumptions!O$2,baseCase_projects!$B16:$BC16) -> 1374 | P18: =AVERAGEIF(baseCase_projects!$B$63:$BC$63,assumptions!P$2,baseCase_projects!$B16:$BC16) -> 1374 | R18: =AVERAGEIF(baseCase_ECs!$B$63:$BC$63,assumptions!R$2,baseCase_ECs!$B16:$BC16) -> 692 | S18: =AVERAGEIF(baseCase_ECs!$B$63:$BC$63,assumptions!S$2,baseCase_ECs!$B16:$BC16) -> 692 | T18: =AVERAGEIF(baseCase_ECs!$B$63:$BC$63,assumptions!T$2,baseCase_ECs!$B16:$BC16) -> 692 | U18: =AVERAGEIF(baseCase_ECs!$B$63:$BC$63,assumptions!U$2,baseCase_ECs!$B16:$BC16) -> 692 | V18: =AVERAGEIF(baseCase_ECs!$B$63:$BC$63,assumptions!V$2,baseCase_ECs!$B16:$BC16) -> 692 | W18: =AVERAGEIF(baseCase_ECs!$B$63:$BC$63,assumptions!W$2,baseCase_ECs!$B16:$BC16) -> 692 | X18: =AVERAGEIF(baseCase_ECs!$B$63:$BC$63,assumptions!X$2,baseCase_ECs!$B16:$BC16) -> 692 | Y18: =AVERAGEIF(baseCase_ECs!$B$63:$BC$63,assumptions!Y$2,baseCase_ECs!$B16:$BC16) -> 692 | Z18: =AVERAGEIF(baseCase_ECs!$B$63:$BC$63,assumptions!Z$2,baseCase_ECs!$B16:$BC16) -> 692 | AB18: =AVERAGEIF(baseCase_installedCap!$B$63:$BC$63,assumptions!AB$2,baseCase_installedCap!$B16:$BC16) -> 614178 | AC18: =AVERAGEIF(baseCase_installedCap!$B$63:$BC$63,assumptions!AC$2,baseCase_installedCap!$B16:$BC16) -> 614178 | AD18: =AVERAGEIF(baseCase_installedCap!$B$63:$BC$63,assumptions!AD$2,baseCase_installedCap!$B16:$BC16) -> 614178 | AE18: =AVERAGEIF(baseCase_installedCap!$B$63:$BC$63,assumptions!AE$2,baseCase_installedCap!$B16:$BC16) -> 614178 | AF18: =AVERAGEIF(baseCase_installedCap!$B$63:$BC$63,assumptions!AF$2,baseCase_installedCap!$B16:$BC16) -> 614178 | AG18: =AVERAGEIF(baseCase_installedCap!$B$63:$BC$63,assumptions!AG$2,baseCase_installedCap!$B16:$BC16) -> 614178 | AH18: =AVERAGEIF(baseCase_installedCap!$B$63:$BC$63,assumptions!AH$2,baseCase_installedCap!$B16:$BC16) -> 614178 | AI18: =AVERAGEIF(baseCase_installedCap!$B$63:$BC$63,assumptions!AI$2,baseCase_installedCap!$B16:$BC16) -> 614178 | AJ18: =AVERAGEIF(baseCase_installedCap!$B$63:$BC$63,assumptions!AJ$2,baseCase_installedCap!$B16:$BC16) -> 614178 | AL18: =AVERAGEIF(baseCase_percMembers!$B$63:$BC$63,assumptions!AL$2,baseCase_percMembers!$B16:$BC16) -> 1.545 | AM18: =AVERAGEIF(baseCase_percMembers!$B$63:$BC$63,assumptions!AM$2,baseCase_percMembers!$B16:$BC16) -> 1.545 | AN18: =AVERAGEIF(baseCase_percMembers!$B$63:$BC$63,assumptions!AN$2,baseCase_percMembers!$B16:$BC16) -> 1.545 | AO18: =AVERAGEIF(baseCase_percMembers!$B$63:$BC$63,assumptions!AO$2,baseCase_percMembers!$B16:$BC16) -> 1.545 | AP18: =AVERAGEIF(baseCase_percMembers!$B$63:$BC$63,assumptions!AP$2,baseCase_percMembers!$B16:$BC16) -> 1.545 | AQ18: =AVERAGEIF(baseCase_percMembers!$B$63:$BC$63,assumptions!AQ$2,baseCase_percMembers!$B16:$BC16) -> 1.545 | AR18: =AVERAGEIF(baseCase_percMembers!$B$63:$BC$63,assumptions!AR$2,baseCase_percMembers!$B16:$BC16) -> 1.545 | AS18: =AVERAGEIF(baseCase_percMembers!$B$63:$BC$63,assumptions!AS$2,baseCase_percMembers!$B16:$BC16) -> 1.545 | AT18: =AVERAGEIF(baseCase_percMembers!$B$63:$BC$63,assumptions!AT$2,baseCase_percMembers!$B16:$BC16) -> 1.545
G19: 2024 | H19: =AVERAGEIF(baseCase_projects!$B$63:$BC$63,assumptions!H$2,baseCase_projects!$B17:$BC17) -> 1486 | I19: =AVERAGEIF(baseCase_projects!$B$63:$BC$63,assumptions!I$2,baseCase_projects!$B17:$BC17) -> 1486 | J19: =AVERAGEIF(baseCase_projects!$B$63:$BC$63,assumptions!J$2,baseCase_projects!$B17:$BC17) -> 1486 | K19: =AVERAGEIF(baseCase_projects!$B$63:$BC$63,assumptions!K$2,baseCase_projects!$B17:$BC17) -> 1486 | L19: =AVERAGEIF(baseCase_projects!$B$63:$BC$63,assumptions!L$2,baseCase_projects!$B17:$BC17) -> 1486 | M19: =AVERAGEIF(baseCase_projects!$B$63:$BC$63,assumptions!M$2,baseCase_projects!$B17:$BC17) -> 1486 | N19: =AVERAGEIF(baseCase_projects!$B$63:$BC$63,assumptions!N$2,baseCase_projects!$B17:$BC17) -> 1486 | O19: =AVERAGEIF(baseCase_projects!$B$63:$BC$63,assumptions!O$2,baseCase_projects!$B17:$BC17) -> 1486 | P19: =AVERAGEIF(baseCase_projects!$B$63:$BC$63,assumptions!P$2,baseCase_projects!$B17:$BC17) -> 1486 | R19: =AVERAGEIF(baseCase_ECs!$B$63:$BC$63,assumptions!R$2,baseCase_ECs!$B17:$BC17) -> 708 | S19: =AVERAGEIF(baseCase_ECs!$B$63:$BC$63,assumptions!S$2,baseCase_ECs!$B17:$BC17) -> 708 | T19: =AVERAGEIF(baseCase_ECs!$B$63:$BC$63,assumptions!T$2,baseCase_ECs!$B17:$BC17) -> 708 | U19: =AVERAGEIF(baseCase_ECs!$B$63:$BC$63,assumptions!U$2,baseCase_ECs!$B17:$BC17) -> 708 | V19: =AVERAGEIF(baseCase_ECs!$B$63:$BC$63,assumptions!V$2,baseCase_ECs!$B17:$BC17) -> 708 | W19: =AVERAGEIF(baseCase_ECs!$B$63:$BC$63,assumptions!W$2,baseCase_ECs!$B17:$BC17) -> 708 | X19: =AVERAGEIF(baseCase_ECs!$B$63:$BC$63,assumptions!X$2,baseCase_ECs!$B17:$BC17) -> 708 | Y19: =AVERAGEIF(baseCase_ECs!$B$63:$BC$63,assumptions!Y$2,baseCase_ECs!$B17:$BC17) -> 708 | Z19: =AVERAGEIF(baseCase_ECs!$B$63:$BC$63,assumptions!Z$2,baseCase_ECs!$B17:$BC17) -> 708 | AB19: =AVERAGEIF(baseCase_installedCap!$B$63:$BC$63,assumptions!AB$2,baseCase_installedCap!$B17:$BC17) -> 664242 | AC19: =AVERAGEIF(baseCase_installedCap!$B$63:$BC$63,assumptions!AC$2,baseCase_installedCap!$B17:$BC17) -> 664242 | AD19: =AVERAGEIF(baseCase_installedCap!$B$63:$BC$63,assumptions!AD$2,baseCase_installedCap!$B17:$BC17) -> 664242 | AE19: =AVERAGEIF(baseCase_installedCap!$B$63:$BC$63,assumptions!AE$2,baseCase_installedCap!$B17:$BC17) -> 664242 | AF19: =AVERAGEIF(baseCase_installedCap!$B$63:$BC$63,assumptions!AF$2,baseCase_installedCap!$B17:$BC17) -> 664242 | AG19: =AVERAGEIF(baseCase_installedCap!$B$63:$BC$63,assumptions!AG$2,baseCase_installedCap!$B17:$BC17) -> 664242 | AH19: =AVERAGEIF(baseCase_installedCap!$B$63:$BC$63,assumptions!AH$2,baseCase_installedCap!$B17:$BC17) -> 664242 | AI19: =AVERAGEIF(baseCase_installedCap!$B$63:$BC$63,assumptions!AI$2,baseCase_installedCap!$B17:$BC17) -> 664242 | AJ19: =AVERAGEIF(baseCase_installedCap!$B$63:$BC$63,assumptions!AJ$2,baseCase_installedCap!$B17:$BC17) -> 664242 | AL19: =AVERAGEIF(baseCase_percMembers!$B$63:$BC$63,assumptions!AL$2,baseCase_percMembers!$B17:$BC17) -> 1.671 | AM19: =AVERAGEIF(baseCase_percMembers!$B$63:$BC$63,assumptions!AM$2,baseCase_percMembers!$B17:$BC17) -> 1.671 | AN19: =AVERAGEIF(baseCase_percMembers!$B$63:$BC$63,assumptions!AN$2,baseCase_percMembers!$B17:$BC17) -> 1.671 | AO19: =AVERAGEIF(baseCase_percMembers!$B$63:$BC$63,assumptions!AO$2,baseCase_percMembers!$B17:$BC17) -> 1.671 | AP19: =AVERAGEIF(baseCase_percMembers!$B$63:$BC$63,assumptions!AP$2,baseCase_percMembers!$B17:$BC17) -> 1.671 | AQ19: =AVERAGEIF(baseCase_percMembers!$B$63:$BC$63,assumptions!AQ$2,baseCase_percMembers!$B17:$BC17) -> 1.671 | AR19: =AVERAGEIF(baseCase_percMembers!$B$63:$BC$63,assumptions!AR$2,baseCase_percMembers!$B17:$BC17) -> 1.671 | AS19: =AVERAGEIF(baseCase_percMembers!$B$63:$BC$63,assumptions!AS$2,baseCase_percMembers!$B17:$BC17) -> 1.671 | AT19: =AVERAGEIF(baseCase_percMembers!$B$63:$BC$63,assumptions!AT$2,baseCase_percMembers!$B17:$BC17) -> 1.671
... G45: 2050 | H45: =AVERAGEIF(baseCase_projects!$B$63:$BC$63,assumptions!H$2,baseCase_projects!$B43:$BC43) -> 9640.8 | I45: =AVERAGEIF(baseCase_projects!$B$63:$BC$63,assumptions!I$2,baseCase_projects!$B43:$BC43) -> 15832.4 | J45: =AVERAGEIF(baseCase_projects!$B$63:$BC$63,assumptions!J$2,baseCase_projects!$B43:$BC43) -> 20253.4 | K45: =AVERAGEIF(baseCase_projects!$B$63:$BC$63,assumptions!K$2,baseCase_projects!$B43:$BC43) -> 21596.8 | L45: =AVERAGEIF(baseCase_projects!$B$63:$BC$63,assumptions!L$2,baseCase_projects!$B43:$BC43) -> 22159.6 | M45: =AVERAGEIF(baseCase_projects!$B$63:$BC$63,assumptions!M$2,baseCase_projects!$B43:$BC43) -> 22174.8 | N45: =AVERAGEIF(baseCase_projects!$B$63:$BC$63,assumptions!N$2,baseCase_projects!$B43:$BC43) -> 38164.6 | O45: =AVERAGEIF(baseCase_projects!$B$63:$BC$63,assumptions!O$2,baseCase_projects!$B43:$BC43) -> 29590.8 | P45: =AVERAGEIF(baseCase_projects!$B$63:$BC$63,assumptions!P$2,baseCase_projects!$B43:$BC43) -> 14912.6 | R45: =AVERAGEIF(baseCase_ECs!$B$63:$BC$63,assumptions!R$2,baseCase_ECs!$B43:$BC43) -> 879.4 | S45: =AVERAGEIF(baseCase_ECs!$B$63:$BC$63,assumptions!S$2,baseCase_ECs!$B43:$BC43) -> 912.2 | T45: =AVERAGEIF(baseCase_ECs!$B$63:$BC$63,assumptions!T$2,baseCase_ECs!$B43:$BC43) -> 915.8 | U45: =AVERAGEIF(baseCase_ECs!$B$63:$BC$63,assumptions!U$2,baseCase_ECs!$B43:$BC43) -> 911 | V45: =AVERAGEIF(baseCase_ECs!$B$63:$BC$63,assumptions!V$2,baseCase_ECs!$B43:$BC43) -> 913.6 | W45: =AVERAGEIF(baseCase_ECs!$B$63:$BC$63,assumptions!W$2,baseCase_ECs!$B43:$BC43) -> 915.4 | X45: =AVERAGEIF(baseCase_ECs!$B$63:$BC$63,assumptions!X$2,baseCase_ECs!$B43:$BC43) -> 921 | Y45: =AVERAGEIF(baseCase_ECs!$B$63:$BC$63,assumptions!Y$2,baseCase_ECs!$B43:$BC43) -> 920.6 | Z45: =AVERAGEIF(baseCase_ECs!$B$63:$BC$63,assumptions!Z$2,baseCase_ECs!$B43:$BC43) -> 883.8 | AB45: =AVERAGEIF(baseCase_installedCap!$B$63:$BC$63,assumptions!AB$2,baseCase_installedCap!$B43:$BC43) -> 4309437.6 | AC45: =AVERAGEIF(baseCase_installedCap!$B$63:$BC$63,assumptions!AC$2,baseCase_installedCap!$B43:$BC43) -> 7077082.8 | AD45: =AVERAGEIF(baseCase_installedCap!$B$63:$BC$63,assumptions!AD$2,baseCase_installedCap!$B43:$BC43) -> 9053269.8 | AE45: =AVERAGEIF(baseCase_installedCap!$B$63:$BC$63,assumptions!AE$2,baseCase_installedCap!$B43:$BC43) -> 9653769.6 | AF45: =AVERAGEIF(baseCase_installedCap!$B$63:$BC$63,assumptions!AF$2,baseCase_installedCap!$B43:$BC43) -> 9905341.2 | AG45: =AVERAGEIF(baseCase_installedCap!$B$63:$BC$63,assumptions!AG$2,baseCase_installedCap!$B43:$BC43) -> 9912135.6 | AH45: =AVERAGEIF(baseCase_installedCap!$B$63:$BC$63,assumptions!AH$2,baseCase_installedCap!$B43:$BC43) -> 17059576 | AI45: =AVERAGEIF(baseCase_installedCap!$B$63:$BC$63,assumptions!AI$2,baseCase_installedCap!$B43:$BC43) -> 38352779 | AJ45: =AVERAGEIF(baseCase_installedCap!$B$63:$BC$63,assumptions!AJ$2,baseCase_installedCap!$B43:$BC43) -> 6665932.2 | AL45: =AVERAGEIF(baseCase_percMembers!$B$63:$BC$63,assumptions!AL$2,baseCase_percMembers!$B43:$BC43) -> 10.8478 | AM45: =AVERAGEIF(baseCase_percMembers!$B$63:$BC$63,assumptions!AM$2,baseCase_percMembers!$B43:$BC43) -> 17.806 | AN45: =AVERAGEIF(baseCase_percMembers!$B$63:$BC$63,assumptions!AN$2,baseCase_percMembers!$B43:$BC43) -> 22.7778 | AO45: =AVERAGEIF(baseCase_percMembers!$B$63:$BC$63,assumptions!AO$2,baseCase_percMembers!$B43:$BC43) -> 24.2898 | AP45: =AVERAGEIF(baseCase_percMembers!$B$63:$BC$63,assumptions!AP$2,baseCase_percMembers!$B43:$BC43) -> 24.9216 | AQ45: =AVERAGEIF(baseCase_percMembers!$B$63:$BC$63,assumptions!AQ$2,baseCase_percMembers!$B43:$BC43) -> 24.9388 | AR45: =AVERAGEIF(baseCase_percMembers!$B$63:$BC$63,assumptions!AR$2,baseCase_percMembers!$B43:$BC43) -> 42.9216 | AS45: =AVERAGEIF(baseCase_percMembers!$B$63:$BC$63,assumptions!AS$2,baseCase_percMembers!$B43:$BC43) -> 33.2792 | AT45: =AVERAGEIF(baseCase_percMembers!$B$63:$BC$63,assumptions!AT$2,baseCase_percMembers!$B43:$BC43) -> 16.776

Sheet baseCase_ECs
A1: year | B1: run1 | C1: run2 | D1: run3 | E1: run4 | F1: run5 | G1: run6 | H1: run7 | I1: run8 | J1: run9 | K1: run10 | L1: run11 | M1: run12 | N1: run13 | O1: run14 | P1: run15 | Q1: run16 | R1: run17 | S1: run18 | T1: run19 | U1: run20 | V1: run21 | W1: run22 | X1: run23 | Y1: run24 | Z1: run25 | AA1: run26 | AB1: run27 | AC1: run28 | AD1: run29 | AE1: run30 | AF1: run31 | AG1: run32 | AH1: run33 | AI1: run34 | AJ1: run35 | AK1: run36 | AL1: run37 | AM1: run38 | AN1: run39 | AO1: run40 | AP1: run41 | AQ1: run42 | AR1: run43 | AS1: run44 | AT1: run45 | AU1: run46 | AV1: run47 | AW1: run48 | AX1: run49 | AY1: run50 | AZ1: run51 | BA1: run52 | BB1: run53 | BC1: run54
A2: 2009 | B2: 20 | C2: 20 | D2: 20 | E2: 20 | F2: 20 | G2: 20 | H2: 20 | I2: 20 | J2: 20 | K2: 20 | L2: 20 | M2: 20 | N2: 20 | O2: 20 | P2: 20 | Q2: 20 | R2: 20 | S2: 20 | T2: 20 | U2: 20 | V2: 20 | W2: 20 | X2: 20 | Y2: 20 | Z2: 20 | AA2: 20 | AB2: 20 | AC2: 20 | AD2: 20 | AE2: 20 | AF2: 20 | AG2: 20 | AH2: 20 | AI2: 20 | AJ2: 20 | AK2: 20 | AL2: 20 | AM2: 20 | AN2: 20 | AO2: 20 | AP2: 20 | AQ2: 20 | AR2: 20 | AS2: 20 | AT2: 20 | AU2: 20 | AV2: 20 | AW2: 20 | AX2: 20 | AY2: 20 | AZ2: 20 | BA2: 20 | BB2: 20 | BC2: 20
A3: 2010 | B3: 26 | C3: 26 | D3: 26 | E3: 26 | F3: 26 | G3: 26 | H3: 26 | I3: 26 | J3: 26 | K3: 26 | L3: 26 | M3: 26 | N3: 26 | O3: 26 | P3: 26 | Q3: 26 | R3: 26 | S3: 26 | T3: 26 | U3: 26 | V3: 26 | W3: 26 | X3: 26 | Y3: 26 | Z3: 26 | AA3: 26 | AB3: 26 | AC3: 26 | AD3: 26 | AE3: 26 | AF3: 26 | AG3: 26 | AH3: 26 | AI3: 26 | AJ3: 26 | AK3: 26 | AL3: 26 | AM3: 26 | AN3: 26 | AO3: 26 | AP3: 26 | AQ3: 26 | AR3: 26 | AS3: 26 | AT3: 26 | AU3: 26 | AV3: 26 | AW3: 26 | AX3: 26 | AY3: 26 | AZ3: 26 | BA3: 26 | BB3: 26 | BC3: 26
A4: 2011 | B4: 39 | C4: 39 | D4: 39 | E4: 39 | F4: 39 | G4: 39 | H4: 39 | I4: 39 | J4: 39 | K4: 39 | L4: 39 | M4: 39 | N4: 39 | O4: 39 | P4: 39 | Q4: 39 | R4: 39 | S4: 39 | T4: 39 | U4: 39 | V4: 39 | W4: 39 | X4: 39 | Y4: 39 | Z4: 39 | AA4: 39 | AB4: 39 | AC4: 39 | AD4: 39 | AE4: 39 | AF4: 39 | AG4: 39 | AH4: 39 | AI4: 39 | AJ4: 39 | AK4: 39 | AL4: 39 | AM4: 39 | AN4: 39 | AO4: 39 | AP4: 39 | AQ4: 39 | AR4: 39 | AS4: 39 | AT4: 39 | AU4: 39 | AV4: 39 | AW4: 39 | AX4: 39 | AY4: 39 | AZ4: 39 | BA4: 39 | BB4: 39 | BC4: 39
A5: 2012 | B5: 65 | C5: 65 | D5: 65 | E5: 65 | F5: 65 | G5: 65 | H5: 65 | I5: 65 | J5: 65 | K5: 65 | L5: 65 | M5: 65 | N5: 65 | O5: 65 | P5: 65 | Q5: 65 | R5: 65 | S5: 65 | T5: 65 | U5: 65 | V5: 65 | W5: 65 | X5: 65 | Y5: 65 | Z5: 65 | AA5: 65 | AB5: 65 | AC5: 65 | AD5: 65 | AE5: 65 | AF5: 65 | AG5: 65 | AH5: 65 | AI5: 65 | AJ5: 65 | AK5: 65 | AL5: 65 | AM5: 65 | AN5: 65 | AO5: 65 | AP5: 65 | AQ5: 65 | AR5: 65 | AS5: 65 | AT5: 65 | AU5: 65 | AV5: 65 | AW5: 65 | AX5: 65 | AY5: 65 | AZ5: 65 | BA5: 65 | BB5: 65 | BC5: 65
A6: 2013 | B6: 123 | C6: 123 | D6: 123 | E6: 123 | F6: 123 | G6: 123 | H6: 123 | I6: 123 | J6: 123 | K6: 123 | L6: 123 | M6: 123 | N6: 123 | O6: 123 | P6: 123 | Q6: 123 | R6: 123 | S6: 123 | T6: 123 | U6: 123 | V6: 123 | W6: 123 | X6: 123 | Y6: 123 | Z6: 123 | AA6: 123 | AB6: 123 | AC6: 123 | AD6: 123 | AE6: 123 | AF6: 123 | AG6: 123 | AH6: 123 | AI6: 123 | AJ6: 123 | AK6: 123 | AL6: 123 | AM6: 123 | AN6: 123 | AO6: 123 | AP6: 123 | AQ6: 123 | AR6: 123 | AS6: 123 | AT6: 123 | AU6: 123 | AV6: 123 | AW6: 123 | AX6: 123 | AY6: 123 | AZ6: 123 | BA6: 123 | BB6: 123 | BC6: 123
A7: 2014 | B7: 176 | C7: 176 | D7: 176 | E7: 176 | F7: 176 | G7: 176 | H7: 176 | I7: 176 | J7: 176 | K7: 176 | L7: 176 | M7: 176 | N7: 176 | O7: 176 | P7: 176 | Q7: 176 | R7: 176 | S7: 176 | T7: 176 | U7: 176 | V7: 176 | W7: 176 | X7: 176 | Y7: 176 | Z7: 176 | AA7: 176 | AB7: 176 | AC7: 176 | AD7: 176 | AE7: 176 | AF7: 176 | AG7: 176 | AH7: 176 | AI7: 176 | AJ7: 176 | AK7: 176 | AL7: 176 | AM7: 176 | AN7: 176 | AO7: 176 | AP7: 176 | AQ7: 176 | AR7: 176 | AS7: 176 | AT7: 176 | AU7: 176 | AV7: 176 | AW7: 176 | AX7: 176 | AY7: 176 | AZ7: 176 | BA7: 176 | BB7: 176 | BC7: 176
A8: 2015 | B8: 237 | C8: 237 | D8: 237 | E8: 237 | F8: 237 | G8: 237 | H8: 237 | I8: 237 | J8: 237 | K8: 237 | L8: 237 | M8: 237 | N8: 237 | O8: 237 | P8: 237 | Q8: 237 | R8: 237 | S8: 237 | T8: 237 | U8: 237 | V8: 237 | W8: 237 | X8: 237 | Y8: 237 | Z8: 237 | AA8: 237 | AB8: 237 | AC8: 237 | AD8: 237 | AE8: 237 | AF8: 237 | AG8: 237 | AH8: 237 | AI8: 237 | AJ8: 237 | AK8: 237 | AL8: 237 | AM8: 237 | AN8: 237 | AO8: 237 | AP8: 237 | AQ8: 237 | AR8: 237 | AS8: 237 | AT8: 237 | AU8: 237 | AV8: 237 | AW8: 237 | AX8: 237 | AY8: 237 | AZ8: 237 | BA8: 237 | BB8: 237 | BC8: 237
A9: 2016 | B9: 304 | C9: 304 | D9: 304 | E9: 304 | F9: 304 | G9: 304 | H9: 304 | I9: 304 | J9: 304 | K9: 304 | L9: 304 | M9: 304 | N9: 304 | O9: 304 | P9: 304 | Q9: 304 | R9: 304 | S9: 304 | T9: 304 | U9: 304 | V9: 304 | W9: 304 | X9: 304 | Y9: 304 | Z9: 304 | AA9: 304 | AB9: 304 | AC9: 304 | AD9: 304 | AE9: 304 | AF9: 304 | AG9: 304 | AH9: 304 | AI9: 304 | AJ9: 304 | AK9: 304 | AL9: 304 | AM9: 304 | AN9: 304 | AO9: 304 | AP9: 304 | AQ9: 304 | AR9: 304 | AS9: 304 | AT9: 304 | AU9: 304 | AV9: 304 | AW9: 304 | AX9: 304 | AY9: 304 | AZ9: 304 | BA9: 304 | BB9: 304 | BC9: 304
A10: 2017 | B10: 382 | C10: 382 | D10: 382 | E10: 382 | F10: 382 | G10: 382 | H10: 382 | I10: 382 | J10: 382 | K10: 382 | L10: 382 | M10: 382 | N10: 382 | O10: 382 | P10: 382 | Q10: 382 | R10: 382 | S10: 382 | T10: 382 | U10: 382 | V10: 382 | W10: 382 | X10: 382 | Y10: 382 | Z10: 382 | AA10: 382 | AB10: 382 | AC10: 382 | AD10: 382 | AE10: 382 | AF10: 382 | AG10: 382 | AH10: 382 | AI10: 382 | AJ10: 382 | AK10: 382 | AL10: 382 | AM10: 382 | AN10: 382 | AO10: 382 | AP10: 382 | AQ10: 382 | AR10: 382 | AS10: 382 | AT10: 382 | AU10: 382 | AV10: 382 | AW10: 382 | AX10: 382 | AY10: 382 | AZ10: 382 | BA10: 382 | BB10: 382 | BC10: 382
A11: 2018 | B11: 476 | C11: 476 | D11: 476 | E11: 476 | F11: 476 | G11: 476 | H11: 476 | I11: 476 | J11: 476 | K11: 476 | L11: 476 | M11: 476 | N11: 476 | O11: 476 | P11: 476 | Q11: 476 | R11: 476 | S11: 476 | T11: 476 | U11: 476 | V11: 476 | W11: 476 | X11: 476 | Y11: 476 | Z11: 476 | AA11: 476 | AB11: 476 | AC11: 476 | AD11: 476 | AE11: 476 | AF11: 476 | AG11: 476 | AH11: 476 | AI11: 476 | AJ11: 476 | AK11: 476 | AL11: 476 | AM11: 476 | AN11: 476 | AO11: 476 | AP11: 476 | AQ11: 476 | AR11: 476 | AS11: 476 | AT11: 476 | AU11: 476 | AV11: 476 | AW11: 476 | AX11: 476 | AY11: 476 | AZ11: 476 | BA11: 476 | BB11: 476 | BC11: 476
A12: 2019 | B12: 560 | C12: 560 | D12: 560 | E12: 560 | F12: 560 | G12: 560 | H12: 560 | I12: 560 | J12: 560 | K12: 560 | L12: 560 | M12: 560 | N12: 560 | O12: 560 | P12: 560 | Q12: 560 | R12: 560 | S12: 560 | T12: 560 | U12: 560 | V12: 560 | W12: 560 | X12: 560 | Y12: 560 | Z12: 560 | AA12: 560 | AB12: 560 | AC12: 560 | AD12: 560 | AE12: 560 | AF12: 560 | AG12: 560 | AH12: 560 | AI12: 560 | AJ12: 560 | AK12: 560 | AL12: 560 | AM12: 560 | AN12: 560 | AO12: 560 | AP12: 560 | AQ12: 560 | AR12: 560 | AS12: 560 | AT12: 560 | AU12: 560 | AV12: 560 | AW12: 560 | AX12: 560 | AY12: 560 | AZ12: 560 | BA12: 560 | BB12: 560 | BC12: 560
A13: 2020 | B13: 613 | C13: 613 | D13: 613 | E13: 613 | F13: 613 | G13: 613 | H13: 613 | I13: 613 | J13: 613 | K13: 613 | L13: 613 | M13: 613 | N13: 613 | O13: 613 | P13: 613 | Q13: 613 | R13: 613 | S13: 613 | T13: 613 | U13: 613 | V13: 613 | W13: 613 | X13: 613 | Y13: 613 | Z13: 613 | AA13: 613 | AB13: 613 | AC13: 613 | AD13: 613 | AE13: 613 | AF13: 613 | AG13: 613 | AH13: 613 | AI13: 613 | AJ13: 613 | AK13: 613 | AL13: 613 | AM13: 613 | AN13: 613 | AO13: 613 | AP13: 613 | AQ13: 613 | AR13: 613 | AS13: 613 | AT13: 613 | AU13: 613 | AV13: 613 | AW13: 613 | AX13: 613 | AY13: 613 | AZ13: 613 | BA13: 613 | BB13: 613 | BC13: 613
... A43: 2050 | B43: 877 | C43: 881 | D43: 875 | E43: 885 | F43: 879 | G43: 911 | H43: 913 | I43: 913 | J43: 908 | K43: 916 | L43: 915 | M43: 915 | N43: 917 | O43: 915 | P43: 917 | Q43: 915 | R43: 908 | S43: 911 | T43: 907 | U43: 914 | V43: 914 | W43: 915 | X43: 914 | Y43: 913 | Z43: 912 | AA43: 914 | AB43: 913 | AC43: 916 | AD43: 916 | AE43: 918 | AF43: 920 | AG43: 920 | AH43: 922 | AI43: 921 | AJ43: 922 | AK43: 922 | AL43: 920 | AM43: 922 | AN43: 919 | AO43: 920 | AP43: 884 | AQ43: 886 | AR43: 889 | AS43: 888 | AT43: 872 | AU43: 880 | AV43: 895 | AW43: 892 | AX43: 882 | AY43: 888 | AZ43: 872 | BA43: 885 | BB43: 885 | BC43: 893
A48: willingness to initiate | B48: 0.057141599 | C48: 0.057141599 | D48: 0.057141599 | E48: 0.057141599 | F48: 0.057141599 | G48: 0.057141599 | H48: 0.057141599 | I48: 0.057141599 | J48: 0.057141599 | K48: 0.057141599 | L48: 0.057141599 | M48: 0.057141599 | N48: 0.057141599 | O48: 0.057141599 | P48: 0.057141599 | Q48: 0.057141599 | R48: 0.057141599 | S48: 0.057141599 | T48: 0.057141599 | U48: 0.057141599 | V48: 0.057141599 | W48: 0.057141599 | X48: 0.057141599 | Y48: 0.057141599 | Z48: 0.057141599 | AA48: 0.057141599 | AB48: 0.057141599 | AC48: 0.057141599 | AD48: 0.057141599 | AE48: 0.057141599 | AF48: 0.057141599 | AG48: 0.057141599 | AH48: 0.057141599 | AI48: 0.057141599 | AJ48: 0.057141599 | AK48: 0.057141599 | AL48: 0.057141599 | AM48: 0.057141599 | AN48: 0.057141599 | AO48: 0.057141599 | AP48: 0.057141599 | AQ48: 0.057141599 | AR48: 0.057141599 | AS48: 0.057141599 | AT48: 0.057141599 | AU48: 0.057141599 | AV48: 0.057141599 | AW48: 0.057141599 | AX48: 0.057141599 | AY48: 0.057141599 | AZ48: 0.057141599 | BA48: 0.057141599 | BB48: 0.057141599 | BC48: 0.057141599
A49: willingness to invest | B49: 0.63344822 | C49: 0.63344822 | D49: 0.63344822 | E49: 0.63344822 | F49: 0.63344822 | G49: 0.63344822 | H49: 0.63344822 | I49: 0.63344822 | J49: 0.63344822 | K49: 0.63344822 | L49: 0.63344822 | M49: 0.63344822 | N49: 0.63344822 | O49: 0.63344822 | P49: 0.63344822 | Q49: 0.63344822 | R49: 0.63344822 | S49: 0.63344822 | T49: 0.63344822 | U49: 0.63344822 | V49: 0.63344822 | W49: 0.63344822 | X49: 0.63344822 | Y49: 0.63344822 | Z49: 0.63344822 | AA49: 0.63344822 | AB49: 0.63344822 | AC49: 0.63344822 | AD49: 0.63344822 | AE49: 0.63344822 | AF49: 0.63344822 | AG49: 0.63344822 | AH49: 0.63344822 | AI49: 0.63344822 | AJ49: 0.63344822 | AK49: 0.63344822 | AL49: 0.63344822 | AM49: 0.63344822 | AN49: 0.63344822 | AO49: 0.63344822 | AP49: 0.63344822 | AQ49: 0.63344822 | AR49: 0.63344822 | AS49: 0.63344822 | AT49: 0.63344822 | AU49: 0.63344822 | AV49: 0.63344822 | AW49: 0.63344822 | AX49: 0.63344822 | AY49: 0.63344822 | AZ49: 0.63344822 | BA49: 0.63344822 | BB49: 0.63344822 | BC49: 0.63344822
A50: prof capacity | B50: 0.88176426 | C50: 0.88176426 | D50: 0.88176426 | E50: 0.88176426 | F50: 0.88176426 | G50: 0.88176426 | H50: 0.88176426 | I50: 0.88176426 | J50: 0.88176426 | K50: 0.88176426 | L50: 0.88176426 | M50: 0.88176426 | N50: 0.88176426 | O50: 0.88176426 | P50: 0.88176426 | Q50: 0.88176426 | R50: 0.88176426 | S50: 0.88176426 | T50: 0.88176426 | U50: 0.88176426 | V50: 0.88176426 | W50: 0.88176426 | X50: 0.88176426 | Y50: 0.88176426 | Z50: 0.88176426 | AA50: 0.88176426 | AB50: 0.88176426 | AC50: 0.88176426 | AD50: 0.88176426 | AE50: 0.88176426 | AF50: 0.88176426 | AG50: 0.88176426 | AH50: 0.88176426 | AI50: 0.88176426 | AJ50: 0.88176426 | AK50: 0.88176426 | AL50: 0.88176426 | AM50: 0.88176426 | AN50: 0.88176426 | AO50: 0.88176426 | AP50: 0.88176426 | AQ50: 0.88176426 | AR50: 0.88176426 | AS50: 0.88176426 | AT50: 0.88176426 | AU50: 0.88176426 | AV50: 0.88176426 | AW50: 0.88176426 | AX50: 0.88176426 | AY50: 0.88176426 | AZ50: 0.88176426 | BA50: 0.88176426 | BB50: 0.88176426 | BC50: 0.88176426
A51: indv learning rate | B51: 0.00976704 | C51: 0.00976704 | D51: 0.00976704 | E51: 0.00976704 | F51: 0.00976704 | G51: 0.00976704 | H51: 0.00976704 | I51: 0.00976704 | J51: 0.00976704 | K51: 0.00976704 | L51: 0.00976704 | M51: 0.00976704 | N51: 0.00976704 | O51: 0.00976704 | P51: 0.00976704 | Q51: 0.00976704 | R51: 0.00976704 | S51: 0.00976704 | T51: 0.00976704 | U51: 0.00976704 | V51: 0.00976704 | W51: 0.00976704 | X51: 0.00976704 | Y51: 0.00976704 | Z51: 0.00976704 | AA51: 0.00976704 | AB51: 0.00976704 | AC51: 0.00976704 | AD51: 0.00976704 | AE51: 0.00976704 | AF51: 0.00976704 | AG51: 0.00976704 | AH51: 0.00976704 | AI51: 0.00976704 | AJ51: 0.00976704 | AK51: 0.00976704 | AL51: 0.00976704 | AM51: 0.00976704 | AN51: 0.00976704 | AO51: 0.00976704 | AP51: 0.00976704 | AQ51: 0.00976704 | AR51: 0.00976704 | AS51: 0.00976704 | AT51: 0.00976704 | AU51: 0.00976704 | AV51: 0.00976704 | AW51: 0.00976704 | AX51: 0.00976704 | AY51: 0.00976704 | AZ51: 0.00976704 | BA51: 0.00976704 | BB51: 0.00976704 | BC51: 0.00976704
A52: col learning rate | B52: 0.058622444 | C52: 0.058622444 | D52: 0.058622444 | E52: 0.058622444 | F52: 0.058622444 | G52: 0.058622444 | H52: 0.058622444 | I52: 0.058622444 | J52: 0.058622444 | K52: 0.058622444 | L52: 0.058622444 | M52: 0.058622444 | N52: 0.058622444 | O52: 0.058622444 | P52: 0.058622444 | Q52: 0.058622444 | R52: 0.058622444 | S52: 0.058622444 | T52: 0.058622444 | U52: 0.058622444 | V52: 0.058622444 | W52: 0.058622444 | X52: 0.058622444 | Y52: 0.058622444 | Z52: 0.058622444 | AA52: 0.058622444 | AB52: 0.058622444 | AC52: 0.058622444 | AD52: 0.058622444 | AE52: 0.058622444 | AF52: 0.058622444 | AG52: 0.058622444 | AH52: 0.058622444 | AI52: 0.058622444 | AJ52: 0.058622444 | AK52: 0.058622444 | AL52: 0.058622444 | AM52: 0.058622444 | AN52: 0.058622444 | AO52: 0.058622444 | AP52: 0.058622444 | AQ52: 0.058622444 | AR52: 0.058622444 | AS52: 0.058622444 | AT52: 0.058622444 | AU52: 0.058622444 | AV52: 0.058622444 | AW52: 0.058622444 | AX52: 0.058622444 | AY52: 0.058622444 | AZ52: 0.058622444 | BA52: 0.058622444 | BB52: 0.058622444 | BC52: 0.058622444
A53: network type | B53: SMALL_WORLD_SIMILAR | C53: SMALL_WORLD_SIMILAR | D53: SMALL_WORLD_SIMILAR | E53: SMALL_WORLD_SIMILAR | F53: SMALL_WORLD_SIMILAR | G53: SMALL_WORLD_SIMILAR | H53: SMALL_WORLD_SIMILAR | I53: SMALL_WORLD_SIMILAR | J53: SMALL_WORLD_SIMILAR | K53: SMALL_WORLD_SIMILAR | L53: SMALL_WORLD_SIMILAR | M53: SMALL_WORLD_SIMILAR | N53: SMALL_WORLD_SIMILAR | O53: SMALL_WORLD_SIMILAR | P53: SMALL_WORLD_SIMILAR | Q53: SMALL_WORLD_SIMILAR | R53: SMALL_WORLD_SIMILAR | S53: SMALL_WORLD_SIMILAR | T53: SMALL_WORLD_SIMILAR | U53: SMALL_WORLD_SIMILAR | V53: SMALL_WORLD_SIMILAR | W53: SMALL_WORLD_SIMILAR | X53: SMALL_WORLD_SIMILAR | Y53: SMALL_WORLD_SIMILAR | Z53: SMALL_WORLD_SIMILAR | AA53: SMALL_WORLD_SIMILAR | AB53: SMALL_WORLD_SIMILAR | AC53: SMALL_WORLD_SIMILAR | AD53: SMALL_WORLD_SIMILAR | AE53: SMALL_WORLD_SIMILAR | AF53: SMALL_WORLD_SIMILAR | AG53: SMALL_WORLD_SIMILAR | AH53: SMALL_WORLD_SIMILAR | AI53: SMALL_WORLD_SIMILAR | AJ53: SMALL_WORLD_SIMILAR | AK53: SMALL_WORLD_SIMILAR | AL53: SMALL_WORLD_SIMILAR | AM53: SMALL_WORLD_SIMILAR | AN53: SMALL_WORLD_SIMILAR | AO53: SMALL_WORLD_SIMILAR | AP53: SMALL_WORLD_SIMILAR | AQ53: SMALL_WORLD_SIMILAR | AR53: SMALL_WORLD_SIMILAR | AS53: SMALL_WORLD_SIMILAR | AT53: SMALL_WORLD_SIMILAR | AU53: SMALL_WORLD_SIMILAR | AV53: SMALL_WORLD_SIMILAR | AW53: SMALL_WORLD_SIMILAR | AX53: SMALL_WORLD_SIMILAR | AY53: SMALL_WORLD_SIMILAR | AZ53: SMALL_WORLD_SIMILAR | BA53: SMALL_WORLD_SIMILAR | BB53: SMALL_WORLD_SIMILAR | BC53: SMALL_WORLD_SIMILAR
A54: policy indv learning | B54: FALSE | C54: FALSE | D54: FALSE | E54: FALSE | F54: FALSE | G54: TRUE | H54: TRUE | I54: TRUE | J54: TRUE | K54: TRUE | L54: TRUE | M54: TRUE | N54: TRUE | O54: TRUE | P54: TRUE | Q54: TRUE | R54: TRUE | S54: TRUE | T54: TRUE | U54: TRUE | V54: TRUE | W54: TRUE | X54: TRUE | Y54: TRUE | Z54: TRUE | AA54: TRUE | AB54: TRUE | AC54: TRUE | AD54: TRUE | AE54: TRUE | AF54: TRUE | AG54: TRUE | AH54: TRUE | AI54: TRUE | AJ54: TRUE | AK54: TRUE | AL54: TRUE | AM54: TRUE | AN54: TRUE | AO54: TRUE | AP54: FALSE | AQ54: FALSE | AR54: FALSE | AS54: FALSE | AT54: FALSE | AU54: FALSE | AV54: FALSE | AW54: FALSE | AX54: FALSE | AY54: FALSE | AZ54: FALSE | BA54: FALSE | BB54: FALSE | BC54: FALSE
A55: policy col learning | B55: FALSE | C55: FALSE | D55: FALSE | E55: FALSE | F55: FALSE | G55: TRUE | H55: TRUE | I55: TRUE | J55: TRUE | K55: TRUE | L55: TRUE | M55: TRUE | N55: TRUE | O55: TRUE | P55: TRUE | Q55: TRUE | R55: TRUE | S55: TRUE | T55: TRUE | U55: TRUE | V55: TRUE | W55: TRUE | X55: TRUE | Y55: TRUE | Z55: TRUE | AA55: TRUE | AB55: TRUE | AC55: TRUE | AD55: TRUE | AE55: TRUE | AF55: TRUE | AG55: TRUE | AH55: TRUE | AI55: TRUE | AJ55: TRUE | AK55: TRUE | AL55: TRUE | AM55: TRUE | AN55: TRUE | AO55: TRUE | AP55: FALSE | AQ55: FALSE | AR55: FALSE | AS55: FALSE | AT55: FALSE | AU55: FALSE | AV55: FALSE | AW55: FALSE | AX55: FALSE | AY55: FALSE | AZ55: FALSE | BA55: FALSE | BB55: FALSE | BC55: FALSE
A56: policy indv learning rate | B56: 2 | C56: 2 | D56: 2 | E56: 2 | F56: 2 | G56: 8 | H56: 8 | I56: 8 | J56: 8 | K56: 8 | L56: 8 | M56: 8 | N56: 8 | O56: 8 | P56: 8 | Q56: 2 | R56: 2 | S56: 2 | T56: 2 | U56: 2 | V56: 4 | W56: 4 | X56: 4 | Y56: 4 | Z56: 4 | AA56: 8 | AB56: 8 | AC56: 8 | AD56: 8 | AE56: 8 | AF56: 8 | AG56: 8 | AH56: 8 | AI56: 8 | AJ56: 8 | AK56: 8 | AL56: 8 | AM56: 8 | AN56: 8 | AO56: 8 | AP56: 2 | AQ56: 2 | AR56: 2 | AS56: 2 | AT56: 2 | AU56: 2 | AV56: 2 | AW56: 2 | AX56: 2 | AY56: 2 | AZ56: 2 | BA56: 2 | BB56: 2 | BC56: 2
A57: policy col learning rate | B57: 4 | C57: 4 | D57: 4 | E57: 4 | F57: 4 | G57: 2 | H57: 2 | I57: 2 | J57: 2 | K57: 2 | L57: 4 | M57: 4 | N57: 4 | O57: 4 | P57: 4 | Q57: 8 | R57: 8 | S57: 8 | T57: 8 | U57: 8 | V57: 8 | W57: 8 | X57: 8 | Y57: 8 | Z57: 8 | AA57: 8 | AB57: 8 | AC57: 8 | AD57: 8 | AE57: 8 | AF57: 8 | AG57: 8 | AH57: 8 | AI57: 8 | AJ57: 8 | AK57: 8 | AL57: 8 | AM57: 8 | AN57: 8 | AO57: 8 | AP57: 4 | AQ57: 4 | AR57: 4 | AS57: 4 | AT57: 4 | AU57: 4 | AV57: 4 | AW57: 4 | AX57: 4 | AY57: 4 | AZ57: 4 | BA57: 4 | BB57: 4 | BC57: 4
A58: max projects per 5 years | B58: 8 | C58: 8 | D58: 8 | E58: 8 | F58: 8 | G58: 8 | H58: 8 | I58: 8 | J58: 8 | K58: 8 | L58: 8 | M58: 8 | N58: 8 | O58: 8 | P58: 8 | Q58: 8 | R58: 8 | S58: 8 | T58: 8 | U58: 8 | V58: 8 | W58: 8 | X58: 8 | Y58: 8 | Z58: 8 | AA58: 8 | AB58: 8 | AC58: 8 | AD58: 8 | AE58: 8 | AF58: 30 | AG58: 30 | AH58: 30 | AI58: 30 | AJ58: 30 | AK58: 30 | AL58: 30 | AM58: 30 | AN58: 30 | AO58: 30 | AP58: 30 | AQ58: 30 | AR58: 30 | AS58: 30 | AT58: 30 | AU58: 30 | AV58: 30 | AW58: 30 | AX58: 30 | AY58: 30 | AZ58: 30 | BA58: 30 | BB58: 30 | BC58: 30
A59: project size multiplier | B59: 3 | C59: 3 | D59: 3 | E59: 3 | F59: 3 | G59: 3 | H59: 3 | I59: 3 | J59: 3 | K59: 3 | L59: 3 | M59: 3 | N59: 3 | O59: 3 | P59: 3 | Q59: 3 | R59: 3 | S59: 3 | T59: 3 | U59: 3 | V59: 3 | W59: 3 | X59: 3 | Y59: 3 | Z59: 3 | AA59: 3 | AB59: 3 | AC59: 3 | AD59: 3 | AE59: 3 | AF59: 3 | AG59: 3 | AH59: 3 | AI59: 3 | AJ59: 3 | AK59: 3 | AL59: 3 | AM59: 3 | AN59: 3 | AO59: 3 | AP59: 3 | AQ59: 3 | AR59: 3 | AS59: 3 | AT59: 3 | AU59: 3 | AV59: 3 | AW59: 3 | AX59: 3 | AY59: 3 | AZ59: 3 | BA59: 3 | BB59: 3 | BC59: 3
A60: scenario | B60: normal | C60: normal | D60: normal | E60: normal | F60: normal | G60: normal | H60: normal | I60: normal | J60: normal | K60: normal | L60: normal | M60: normal | N60: normal | O60: normal | P60: normal | Q60: normal | R60: normal | S60: normal | T60: normal | U60: normal | V60: normal | W60: normal | X60: normal | Y60: normal | Z60: normal | AA60: normal | AB60: normal | AC60: normal | AD60: normal | AE60: normal | AF60: normal | AG60: normal | AH60: normal | AI60: normal | AJ60: normal | AK60: hybrid | AL60: hybrid | AM60: hybrid | AN60: hybrid | AO60: hybrid | AP60: normal | AQ60: normal | AR60: normal | AS60: normal | AT60: normal | AU60: normal | AV60: normal | AW60: normal | AX60: normal | AY60: normal | AZ60: normal | BA60: normal | BB60: normal | BC60: normal
A62: scenName | B62: base | C62: base | D62: base | E62: base | F62: base | G62: very high contagion | H62: very high contagion | I62: very high contagion | J62: very high contagion | K62: very high contagion | L62: very high ind lr and high col lr | M62: very high ind lr and high col lr | N62: very high ind lr and high col lr | O62: very high ind lr and high col lr | P62: very high ind lr and high col lr | Q62: very high clr | R62: very high clr | S62: very high clr | T62: very high clr | U62: very high clr | V62: verhy high clr and high ilr | W62: verhy high clr and high ilr | X62: verhy high clr and high ilr | Y62: verhy high clr and high ilr | Z62: verhy high clr and high ilr | AA62: very high both lrs | AB62: very high both lrs | AC62: very high both lrs | AD62: very high both lrs | AE62: very high both lrs | AF62: verhy high lrs and high max projects | AG62: verhy high lrs and high max projects | AH62: verhy high lrs and high max projects | AI62: verhy high lrs and high max projects | AJ62: verhy high lrs and high max projects | AK62: verhy high lrs and high max projects and hybrid | AL62: verhy high lrs and high max projects and hybrid | AM62: verhy high lrs and high max projects and hybrid | AN62: verhy high lrs and high max projects and hybrid | AO62: verhy high lrs and high max projects and hybrid | AP62: base_network update | AQ62: base_network update | AR62: base_network update | AS62: base_network update | AT62: base_network update
A63: scenNb | B63: 1 | C63: 1 | D63: 1 | E63: 1 | F63: 1 | G63: 2 | H63: 2 | I63: 2 | J63: 2 | K63: 2 | L63: 3 | M63: 3 | N63: 3 | O63: 3 | P63: 3 | Q63: 4 | R63: 4 | S63: 4 | T63: 4 | U63: 4 | V63: 5 | W63: 5 | X63: 5 | Y63: 5 | Z63: 5 | AA63: 6 | AB63: 6 | AC63: 6 | AD63: 6 | AE63: 6 | AF63: 7 | AG63: 7 | AH63: 7 | AI63: 7 | AJ63: 7 | AK63: 8 | AL63: 8 | AM63: 8 | AN63: 8 | AO63: 8 | AP63: 9 | AQ63: 9 | AR63: 9 | AS63: 9 | AT63: 9
A66: {=_xlfn.UNIQUE(A62:AT62,TRUE,FALSE)} -> scenName | B66: base | C66: very high contagion | D66: very high ind lr and high col lr | E66: very high clr | F66: verhy high clr and high ilr | G66: very high both lrs | H66: verhy high lrs and high max projects | I66: verhy high lrs and high max projects and hybrid | J66: base_network update

Sheet baseCase_projects
A1: year | B1: run1 | C1: run2 | D1: run3 | E1: run4 | F1: run5 | G1: run6 | H1: run7 | I1: run8 | J1: run9 | K1: run10 | L1: run11 | M1: run12 | N1: run13 | O1: run14 | P1: run15 | Q1: run16 | R1: run17 | S1: run18 | T1: run19 | U1: run20 | V1: run21 | W1: run22 | X1: run23 | Y1: run24 | Z1: run25 | AA1: run26 | AB1: run27 | AC1: run28 | AD1: run29 | AE1: run30 | AF1: run31 | AG1: run32 | AH1: run33 | AI1: run34 | AJ1: run35 | AK1: run36 | AL1: run37 | AM1: run38 | AN1: run39 | AO1: run40 | AP1: run41 | AQ1: run42 | AR1: run43 | AS1: run44 | AT1: run45 | AU1: run46 | AV1: run47 | AW1: run48 | AX1: run49 | AY1: run50 | AZ1: run51 | BA1: run52 | BB1: run53 | BC1: run54
A2: 2009 | B2: 1 | C2: 1 | D2: 1 | E2: 1 | F2: 1 | G2: 1 | H2: 1 | I2: 1 | J2: 1 | K2: 1 | L2: 1 | M2: 1 | N2: 1 | O2: 1 | P2: 1 | Q2: 1 | R2: 1 | S2: 1 | T2: 1 | U2: 1 | V2: 1 | W2: 1 | X2: 1 | Y2: 1 | Z2: 1 | AA2: 1 | AB2: 1 | AC2: 1 | AD2: 1 | AE2: 1 | AF2: 1 | AG2: 1 | AH2: 1 | AI2: 1 | AJ2: 1 | AK2: 1 | AL2: 1 | AM2: 1 | AN2: 1 | AO2: 1 | AP2: 1 | AQ2: 1 | AR2: 1 | AS2: 1 | AT2: 1 | AU2: 1 | AV2: 1 | AW2: 1 | AX2: 1 | AY2: 1 | AZ2: 1 | BA2: 1 | BB2: 1 | BC2: 1
A3: 2010 | B3: 1 | C3: 1 | D3: 1 | E3: 1 | F3: 1 | G3: 1 | H3: 1 | I3: 1 | J3: 1 | K3: 1 | L3: 1 | M3: 1 | N3: 1 | O3: 1 | P3: 1 | Q3: 1 | R3: 1 | S3: 1 | T3: 1 | U3: 1 | V3: 1 | W3: 1 | X3: 1 | Y3: 1 | Z3: 1 | AA3: 1 | AB3: 1 | AC3: 1 | AD3: 1 | AE3: 1 | AF3: 1 | AG3: 1 | AH3: 1 | AI3: 1 | AJ3: 1 | AK3: 1 | AL3: 1 | AM3: 1 | AN3: 1 | AO3: 1 | AP3: 1 | AQ3: 1 | AR3: 1 | AS3: 1 | AT3: 1 | AU3: 1 | AV3: 1 | AW3: 1 | AX3: 1 | AY3: 1 | AZ3: 1 | BA3: 1 | BB3: 1 | BC3: 1
A4: 2011 | B4: 46 | C4: 46 | D4: 46 | E4: 46 | F4: 46 | G4: 46 | H4: 46 | I4: 46 | J4: 46 | K4: 46 | L4: 46 | M4: 46 | N4: 46 | O4: 46 | P4: 46 | Q4: 46 | R4: 46 | S4: 46 | T4: 46 | U4: 46 | V4: 46 | W4: 46 | X4: 46 | Y4: 46 | Z4: 46 | AA4: 46 | AB4: 46 | AC4: 46 | AD4: 46 | AE4: 46 | AF4: 46 | AG4: 46 | AH4: 46 | AI4: 46 | AJ4: 46 | AK4: 46 | AL4: 46 | AM4: 46 | AN4: 46 | AO4: 46 | AP4: 46 | AQ4: 46 | AR4: 46 | AS4: 46 | AT4: 46 | AU4: 46 | AV4: 46 | AW4: 46 | AX4: 46 | AY4: 46 | AZ4: 46 | BA4: 46 | BB4: 46 | BC4: 46
A5: 2012 | B5: 53 | C5: 53 | D5: 53 | E5: 53 | F5: 53 | G5: 53 | H5: 53 | I5: 53 | J5: 53 | K5: 53 | L5: 53 | M5: 53 | N5: 53 | O5: 53 | P5: 53 | Q5: 53 | R5: 53 | S5: 53 | T5: 53 | U5: 53 | V5: 53 | W5: 53 | X5: 53 | Y5: 53 | Z5: 53 | AA5: 53 | AB5: 53 | AC5: 53 | AD5: 53 | AE5: 53 | AF5: 53 | AG5: 53 | AH5: 53 | AI5: 53 | AJ5: 53 | AK5: 53 | AL5: 53 | AM5: 53 | AN5: 53 | AO5: 53 | AP5: 53 | AQ5: 53 | AR5: 53 | AS5: 53 | AT5: 53 | AU5: 53 | AV5: 53 | AW5: 53 | AX5: 53 | AY5: 53 | AZ5: 53 | BA5: 53 | BB5: 53 | BC5: 53
A6: 2013 | B6: 72 | C6: 72 | D6: 72 | E6: 72 | F6: 72 | G6: 72 | H6: 72 | I6: 72 | J6: 72 | K6: 72 | L6: 72 | M6: 72 | N6: 72 | O6: 72 | P6: 72 | Q6: 72 | R6: 72 | S6: 72 | T6: 72 | U6: 72 | V6: 72 | W6: 72 | X6: 72 | Y6: 72 | Z6: 72 | AA6: 72 | AB6: 72 | AC6: 72 | AD6: 72 | AE6: 72 | AF6: 72 | AG6: 72 | AH6: 72 | AI6: 72 | AJ6: 72 | AK6: 72 | AL6: 72 | AM6: 72 | AN6: 72 | AO6: 72 | AP6: 72 | AQ6: 72 | AR6: 72 | AS6: 72 | AT6: 72 | AU6: 72 | AV6: 72 | AW6: 72 | AX6: 72 | AY6: 72 | AZ6: 72 | BA6: 72 | BB6: 72 | BC6: 72
A7: 2014 | B7: 100 | C7: 100 | D7: 100 | E7: 100 | F7: 100 | G7: 100 | H7: 100 | I7: 100 | J7: 100 | K7: 100 | L7: 100 | M7: 100 | N7: 100 | O7: 100 | P7: 100 | Q7: 100 | R7: 100 | S7: 100 | T7: 100 | U7: 100 | V7: 100 | W7: 100 | X7: 100 | Y7: 100 | Z7: 100 | AA7: 100 | AB7: 100 | AC7: 100 | AD7: 100 | AE7: 100 | AF7: 100 | AG7: 100 | AH7: 100 | AI7: 100 | AJ7: 100 | AK7: 100 | AL7: 100 | AM7: 100 | AN7: 100 | AO7: 100 | AP7: 100 | AQ7: 100 | AR7: 100 | AS7: 100 | AT7: 100 | AU7: 100 | AV7: 100 | AW7: 100 | AX7: 100 | AY7: 100 | AZ7: 100 | BA7: 100 | BB7: 100 | BC7: 100
A8: 2015 | B8: 153 | C8: 153 | D8: 153 | E8: 153 | F8: 153 | G8: 153 | H8: 153 | I8: 153 | J8: 153 | K8: 153 | L8: 153 | M8: 153 | N8: 153 | O8: 153 | P8: 153 | Q8: 153 | R8: 153 | S8: 153 | T8: 153 | U8: 153 | V8: 153 | W8: 153 | X8: 153 | Y8: 153 | Z8: 153 | AA8: 153 | AB8: 153 | AC8: 153 | AD8: 153 | AE8: 153 | AF8: 153 | AG8: 153 | AH8: 153 | AI8: 153 | AJ8: 153 | AK8: 153 | AL8: 153 | AM8: 153 | AN8: 153 | AO8: 153 | AP8: 153 | AQ8: 153 | AR8: 153 | AS8: 153 | AT8: 153 | AU8: 153 | AV8: 153 | AW8: 153 | AX8: 153 | AY8: 153 | AZ8: 153 | BA8: 153 | BB8: 153 | BC8: 153
A9: 2016 | B9: 226 | C9: 226 | D9: 226 | E9: 226 | F9: 226 | G9: 226 | H9: 226 | I9: 226 | J9: 226 | K9: 226 | L9: 226 | M9: 226 | N9: 226 | O9: 226 | P9: 226 | Q9: 226 | R9: 226 | S9: 226 | T9: 226 | U9: 226 | V9: 226 | W9: 226 | X9: 226 | Y9: 226 | Z9: 226 | AA9: 226 | AB9: 226 | AC9: 226 | AD9: 226 | AE9: 226 | AF9: 226 | AG9: 226 | AH9: 226 | AI9: 226 | AJ9: 226 | AK9: 226 | AL9: 226 | AM9: 226 | AN9: 226 | AO9: 226 | AP9: 226 | AQ9: 226 | AR9: 226 | AS9: 226 | AT9: 226 | AU9: 226 | AV9: 226 | AW9: 226 | AX9: 226 | AY9: 226 | AZ9: 226 | BA9: 226 | BB9: 226 | BC9: 226
A10: 2017 | B10: 336 | C10: 336 | D10: 336 | E10: 336 | F10: 336 | G10: 336 | H10: 336 | I10: 336 | J10: 336 | K10: 336 | L10: 336 | M10: 336 | N10: 336 | O10: 336 | P10: 336 | Q10: 336 | R10: 336 | S10: 336 | T10: 336 | U10: 336 | V10: 336 | W10: 336 | X10: 336 | Y10: 336 | Z10: 336 | AA10: 336 | AB10: 336 | AC10: 336 | AD10: 336 | AE10: 336 | AF10: 336 | AG10: 336 | AH10: 336 | AI10: 336 | AJ10: 336 | AK10: 336 | AL10: 336 | AM10: 336 | AN10: 336 | AO10: 336 | AP10: 336 | AQ10: 336 | AR10: 336 | AS10: 336 | AT10: 336 | AU10: 336 | AV10: 336 | AW10: 336 | AX10: 336 | AY10: 336 | AZ10: 336 | BA10: 336 | BB10: 336 | BC10: 336
A11: 2018 | B11: 524 | C11: 524 | D11: 524 | E11: 524 | F11: 524 | G11: 524 | H11: 524 | I11: 524 | J11: 524 | K11: 524 | L11: 524 | M11: 524 | N11: 524 | O11: 524 | P11: 524 | Q11: 524 | R11: 524 | S11: 524 | T11: 524 | U11: 524 | V11: 524 | W11: 524 | X11: 524 | Y11: 524 | Z11: 524 | AA11: 524 | AB11: 524 | AC11: 524 | AD11: 524 | AE11: 524 | AF11: 524 | AG11: 524 | AH11: 524 | AI11: 524 | AJ11: 524 | AK11: 524 | AL11: 524 | AM11: 524 | AN11: 524 | AO11: 524 | AP11: 524 | AQ11: 524 | AR11: 524 | AS11: 524 | AT11: 524 | AU11: 524 | AV11: 524 | AW11: 524 | AX11: 524 | AY11: 524 | AZ11: 524 | BA11: 524 | BB11: 524 | BC11: 524
A12: 2019 | B12: 726 | C12: 726 | D12: 726 | E12: 726 | F12: 726 | G12: 726 | H12: 726 | I12: 726 | J12: 726 | K12: 726 | L12: 726 | M12: 726 | N12: 726 | O12: 726 | P12: 726 | Q12: 726 | R12: 726 | S12: 726 | T12: 726 | U12: 726 | V12: 726 | W12: 726 | X12: 726 | Y12: 726 | Z12: 726 | AA12: 726 | AB12: 726 | AC12: 726 | AD12: 726 | AE12: 726 | AF12: 726 | AG12: 726 | AH12: 726 | AI12: 726 | AJ12: 726 | AK12: 726 | AL12: 726 | AM12: 726 | AN12: 726 | AO12: 726 | AP12: 726 | AQ12: 726 | AR12: 726 | AS12: 726 | AT12: 726 | AU12: 726 | AV12: 726 | AW12: 726 | AX12: 726 | AY12: 726 | AZ12: 726 | BA12: 726 | BB12: 726 | BC12: 726
A13: 2020 | B13: 898 | C13: 898 | D13: 898 | E13: 898 | F13: 898 | G13: 898 | H13: 898 | I13: 898 | J13: 898 | K13: 898 | L13: 898 | M13: 898 | N13: 898 | O13: 898 | P13: 898 | Q13: 898 | R13: 898 | S13: 898 | T13: 898 | U13: 898 | V13: 898 | W13: 898 | X13: 898 | Y13: 898 | Z13: 898 | AA13: 898 | AB13: 898 | AC13: 898 | AD13: 898 | AE13: 898 | AF13: 898 | AG13: 898 | AH13: 898 | AI13: 898 | AJ13: 898 | AK13: 898 | AL13: 898 | AM13: 898 | AN13: 898 | AO13: 898 | AP13: 898 | AQ13: 898 | AR13: 898 | AS13: 898 | AT13: 898 | AU13: 898 | AV13: 898 | AW13: 898 | AX13: 898 | AY13: 898 | AZ13: 898 | BA13: 898 | BB13: 898 | BC13: 898
... A43: 2050 | B43: 9578 | C43: 9645 | D43: 9433 | E43: 10083 | F43: 9465 | G43: 15912 | H43: 15763 | I43: 16153 | J43: 15395 | K43: 15939 | L43: 20242 | M43: 20290 | N43: 20162 | O43: 20292 | P43: 20281 | Q43: 22126 | R43: 21172 | S43: 21698 | T43: 21330 | U43: 21658 | V43: 22199 | W43: 22143 | X43: 22144 | Y43: 22193 | Z43: 22119 | AA43: 22226 | AB43: 22167 | AC43: 22167 | AD43: 22189 | AE43: 22125 | AF43: 38496 | AG43: 38050 | AH43: 38220 | AI43: 38147 | AJ43: 37910 | AK43: 29711 | AL43: 29446 | AM43: 29698 | AN43: 29426 | AO43: 29673 | AP43: 15469 | AQ43: 15864 | AR43: 16299 | AS43: 14708 | AT43: 12223 | AU43: 13598 | AV43: 19392 | AW43: 17788 | AX43: 14786 | AY43: 15872 | AZ43: 12787 | BA43: 14009 | BB43: 13896 | BC43: 17047
A48: willingness to initiate | B48: 0.057141599 | C48: 0.057141599 | D48: 0.057141599 | E48: 0.057141599 | F48: 0.057141599 | G48: 0.057141599 | H48: 0.057141599 | I48: 0.057141599 | J48: 0.057141599 | K48: 0.057141599 | L48: 0.057141599 | M48: 0.057141599 | N48: 0.057141599 | O48: 0.057141599 | P48: 0.057141599 | Q48: 0.057141599 | R48: 0.057141599 | S48: 0.057141599 | T48: 0.057141599 | U48: 0.057141599 | V48: 0.057141599 | W48: 0.057141599 | X48: 0.057141599 | Y48: 0.057141599 | Z48: 0.057141599 | AA48: 0.057141599 | AB48: 0.057141599 | AC48: 0.057141599 | AD48: 0.057141599 | AE48: 0.057141599 | AF48: 0.057141599 | AG48: 0.057141599 | AH48: 0.057141599 | AI48: 0.057141599 | AJ48: 0.057141599 | AK48: 0.057141599 | AL48: 0.057141599 | AM48: 0.057141599 | AN48: 0.057141599 | AO48: 0.057141599 | AP48: 0.057141599 | AQ48: 0.057141599 | AR48: 0.057141599 | AS48: 0.057141599 | AT48: 0.057141599 | AU48: 0.057141599 | AV48: 0.057141599 | AW48: 0.057141599 | AX48: 0.057141599 | AY48: 0.057141599 | AZ48: 0.057141599 | BA48: 0.057141599 | BB48: 0.057141599 | BC48: 0.057141599
A49: willingness to invest | B49: 0.63344822 | C49: 0.63344822 | D49: 0.63344822 | E49: 0.63344822 | F49: 0.63344822 | G49: 0.63344822 | H49: 0.63344822 | I49: 0.63344822 | J49: 0.63344822 | K49: 0.63344822 | L49: 0.63344822 | M49: 0.63344822 | N49: 0.63344822 | O49: 0.63344822 | P49: 0.63344822 | Q49: 0.63344822 | R49: 0.63344822 | S49: 0.63344822 | T49: 0.63344822 | U49: 0.63344822 | V49: 0.63344822 | W49: 0.63344822 | X49: 0.63344822 | Y49: 0.63344822 | Z49: 0.63344822 | AA49: 0.63344822 | AB49: 0.63344822 | AC49: 0.63344822 | AD49: 0.63344822 | AE49: 0.63344822 | AF49: 0.63344822 | AG49: 0.63344822 | AH49: 0.63344822 | AI49: 0.63344822 | AJ49: 0.63344822 | AK49: 0.63344822 | AL49: 0.63344822 | AM49: 0.63344822 | AN49: 0.63344822 | AO49: 0.63344822 | AP49: 0.63344822 | AQ49: 0.63344822 | AR49: 0.63344822 | AS49: 0.63344822 | AT49: 0.63344822 | AU49: 0.63344822 | AV49: 0.63344822 | AW49: 0.63344822 | AX49: 0.63344822 | AY49: 0.63344822 | AZ49: 0.63344822 | BA49: 0.63344822 | BB49: 0.63344822 | BC49: 0.63344822
A50: prof capacity | B50: 0.88176426 | C50: 0.88176426 | D50: 0.88176426 | E50: 0.88176426 | F50: 0.88176426 | G50: 0.88176426 | H50: 0.88176426 | I50: 0.88176426 | J50: 0.88176426 | K50: 0.88176426 | L50: 0.88176426 | M50: 0.88176426 | N50: 0.88176426 | O50: 0.88176426 | P50: 0.88176426 | Q50: 0.88176426 | R50: 0.88176426 | S50: 0.88176426 | T50: 0.88176426 | U50: 0.88176426 | V50: 0.88176426 | W50: 0.88176426 | X50: 0.88176426 | Y50: 0.88176426 | Z50: 0.88176426 | AA50: 0.88176426 | AB50: 0.88176426 | AC50: 0.88176426 | AD50: 0.88176426 | AE50: 0.88176426 | AF50: 0.88176426 | AG50: 0.88176426 | AH50: 0.88176426 | AI50: 0.88176426 | AJ50: 0.88176426 | AK50: 0.88176426 | AL50: 0.88176426 | AM50: 0.88176426 | AN50: 0.88176426 | AO50: 0.88176426 | AP50: 0.88176426 | AQ50: 0.88176426 | AR50: 0.88176426 | AS50: 0.88176426 | AT50: 0.88176426 | AU50: 0.88176426 | AV50: 0.88176426 | AW50: 0.88176426 | AX50: 0.88176426 | AY50: 0.88176426 | AZ50: 0.88176426 | BA50: 0.88176426 | BB50: 0.88176426 | BC50: 0.88176426
A51: indv learning rate | B51: 0.00976704 | C51: 0.00976704 | D51: 0.00976704 | E51: 0.00976704 | F51: 0.00976704 | G51: 0.00976704 | H51: 0.00976704 | I51: 0.00976704 | J51: 0.00976704 | K51: 0.00976704 | L51: 0.00976704 | M51: 0.00976704 | N51: 0.00976704 | O51: 0.00976704 | P51: 0.00976704 | Q51: 0.00976704 | R51: 0.00976704 | S51: 0.00976704 | T51: 0.00976704 | U51: 0.00976704 | V51: 0.00976704 | W51: 0.00976704 | X51: 0.00976704 | Y51: 0.00976704 | Z51: 0.00976704 | AA51: 0.00976704 | AB51: 0.00976704 | AC51: 0.00976704 | AD51: 0.00976704 | AE51: 0.00976704 | AF51: 0.00976704 | AG51: 0.00976704 | AH51: 0.00976704 | AI51: 0.00976704 | AJ51: 0.00976704 | AK51: 0.00976704 | AL51: 0.00976704 | AM51: 0.00976704 | AN51: 0.00976704 | AO51: 0.00976704 | AP51: 0.00976704 | AQ51: 0.00976704 | AR51: 0.00976704 | AS51: 0.00976704 | AT51: 0.00976704 | AU51: 0.00976704 | AV51: 0.00976704 | AW51: 0.00976704 | AX51: 0.00976704 | AY51: 0.00976704 | AZ51: 0.00976704 | BA51: 0.00976704 | BB51: 0.00976704 | BC51: 0.00976704
A52: col learning rate | B52: 0.058622444 | C52: 0.058622444 | D52: 0.058622444 | E52: 0.058622444 | F52: 0.058622444 | G52: 0.058622444 | H52: 0.058622444 | I52: 0.058622444 | J52: 0.058622444 | K52: 0.058622444 | L52: 0.058622444 | M52: 0.058622444 | N52: 0.058622444 | O52: 0.058622444 | P52: 0.058622444 | Q52: 0.058622444 | R52: 0.058622444 | S52: 0.058622444 | T52: 0.058622444 | U52: 0.058622444 | V52: 0.058622444 | W52: 0.058622444 | X52: 0.058622444 | Y52: 0.058622444 | Z52: 0.058622444 | AA52: 0.058622444 | AB52: 0.058622444 | AC52: 0.058622444 | AD52: 0.058622444 | AE52: 0.058622444 | AF52: 0.058622444 | AG52: 0.058622444 | AH52: 0.058622444 | AI52: 0.058622444 | AJ52: 0.058622444 | AK52: 0.058622444 | AL52: 0.058622444 | AM52: 0.058622444 | AN52: 0.058622444 | AO52: 0.058622444 | AP52: 0.058622444 | AQ52: 0.058622444 | AR52: 0.058622444 | AS52: 0.058622444 | AT52: 0.058622444 | AU52: 0.058622444 | AV52: 0.058622444 | AW52: 0.058622444 | AX52: 0.058622444 | AY52: 0.058622444 | AZ52: 0.058622444 | BA52: 0.058622444 | BB52: 0.058622444 | BC52: 0.058622444
A53: network type | B53: SMALL_WORLD_SIMILAR | C53: SMALL_WORLD_SIMILAR | D53: SMALL_WORLD_SIMILAR | E53: SMALL_WORLD_SIMILAR | F53: SMALL_WORLD_SIMILAR | G53: SMALL_WORLD_SIMILAR | H53: SMALL_WORLD_SIMILAR | I53: SMALL_WORLD_SIMILAR | J53: SMALL_WORLD_SIMILAR | K53: SMALL_WORLD_SIMILAR | L53: SMALL_WORLD_SIMILAR | M53: SMALL_WORLD_SIMILAR | N53: SMALL_WORLD_SIMILAR | O53: SMALL_WORLD_SIMILAR | P53: SMALL_WORLD_SIMILAR | Q53: SMALL_WORLD_SIMILAR | R53: SMALL_WORLD_SIMILAR | S53: SMALL_WORLD_SIMILAR | T53: SMALL_WORLD_SIMILAR | U53: SMALL_WORLD_SIMILAR | V53: SMALL_WORLD_SIMILAR | W53: SMALL_WORLD_SIMILAR | X53: SMALL_WORLD_SIMILAR | Y53: SMALL_WORLD_SIMILAR | Z53: SMALL_WORLD_SIMILAR | AA53: SMALL_WORLD_SIMILAR | AB53: SMALL_WORLD_SIMILAR | AC53: SMALL_WORLD_SIMILAR | AD53: SMALL_WORLD_SIMILAR | AE53: SMALL_WORLD_SIMILAR | AF53: SMALL_WORLD_SIMILAR | AG53: SMALL_WORLD_SIMILAR | AH53: SMALL_WORLD_SIMILAR | AI53: SMALL_WORLD_SIMILAR | AJ53: SMALL_WORLD_SIMILAR | AK53: SMALL_WORLD_SIMILAR | AL53: SMALL_WORLD_SIMILAR | AM53: SMALL_WORLD_SIMILAR | AN53: SMALL_WORLD_SIMILAR | AO53: SMALL_WORLD_SIMILAR | AP53: SMALL_WORLD_SIMILAR | AQ53: SMALL_WORLD_SIMILAR | AR53: SMALL_WORLD_SIMILAR | AS53: SMALL_WORLD_SIMILAR | AT53: SMALL_WORLD_SIMILAR | AU53: SMALL_WORLD_SIMILAR | AV53: SMALL_WORLD_SIMILAR | AW53: SMALL_WORLD_SIMILAR | AX53: SMALL_WORLD_SIMILAR | AY53: SMALL_WORLD_SIMILAR | AZ53: SMALL_WORLD_SIMILAR | BA53: SMALL_WORLD_SIMILAR | BB53: SMALL_WORLD_SIMILAR | BC53: SMALL_WORLD_SIMILAR
A54: policy indv learning | B54: FALSE | C54: FALSE | D54: FALSE | E54: FALSE | F54: FALSE | G54: TRUE | H54: TRUE | I54: TRUE | J54: TRUE | K54: TRUE | L54: TRUE | M54: TRUE | N54: TRUE | O54: TRUE | P54: TRUE | Q54: TRUE | R54: TRUE | S54: TRUE | T54: TRUE | U54: TRUE | V54: TRUE | W54: TRUE | X54: TRUE | Y54: TRUE | Z54: TRUE | AA54: TRUE | AB54: TRUE | AC54: TRUE | AD54: TRUE | AE54: TRUE | AF54: TRUE | AG54: TRUE | AH54: TRUE | AI54: TRUE | AJ54: TRUE | AK54: TRUE | AL54: TRUE | AM54: TRUE | AN54: TRUE | AO54: TRUE | AP54: FALSE | AQ54: FALSE | AR54: FALSE | AS54: FALSE | AT54: FALSE | AU54: FALSE | AV54: FALSE | AW54: FALSE | AX54: FALSE | AY54: FALSE | AZ54: FALSE | BA54: FALSE | BB54: FALSE | BC54: FALSE
A55: policy col learning | B55: FALSE | C55: FALSE | D55: FALSE | E55: FALSE | F55: FALSE | G55: TRUE | H55: TRUE | I55: TRUE | J55: TRUE | K55: TRUE | L55: TRUE | M55: TRUE | N55: TRUE | O55: TRUE | P55: TRUE | Q55: TRUE | R55: TRUE | S55: TRUE | T55: TRUE | U55: TRUE | V55: TRUE | W55: TRUE | X55: TRUE | Y55: TRUE | Z55: TRUE | AA55: TRUE | AB55: TRUE | AC55: TRUE | AD55: TRUE | AE55: TRUE | AF55: TRUE | AG55: TRUE | AH55: TRUE | AI55: TRUE | AJ55: TRUE | AK55: TRUE | AL55: TRUE | AM55: TRUE | AN55: TRUE | AO55: TRUE | AP55: FALSE | AQ55: FALSE | AR55: FALSE | AS55: FALSE | AT55: FALSE | AU55: FALSE | AV55: FALSE | AW55: FALSE | AX55: FALSE | AY55: FALSE | AZ55: FALSE | BA55: FALSE | BB55: FALSE | BC55: FALSE
A56: policy indv learning rate | B56: 2 | C56: 2 | D56: 2 | E56: 2 | F56: 2 | G56: 8 | H56: 8 | I56: 8 | J56: 8 | K56: 8 | L56: 8 | M56: 8 | N56: 8 | O56: 8 | P56: 8 | Q56: 2 | R56: 2 | S56: 2 | T56: 2 | U56: 2 | V56: 4 | W56: 4 | X56: 4 | Y56: 4 | Z56: 4 | AA56: 8 | AB56: 8 | AC56: 8 | AD56: 8 | AE56: 8 | AF56: 8 | AG56: 8 | AH56: 8 | AI56: 8 | AJ56: 8 | AK56: 8 | AL56: 8 | AM56: 8 | AN56: 8 | AO56: 8 | AP56: 2 | AQ56: 2 | AR56: 2 | AS56: 2 | AT56: 2 | AU56: 2 | AV56: 2 | AW56: 2 | AX56: 2 | AY56: 2 | AZ56: 2 | BA56: 2 | BB56: 2 | BC56: 2
A57: policy col learning rate | B57: 4 | C57: 4 | D57: 4 | E57: 4 | F57: 4 | G57: 2 | H57: 2 | I57: 2 | J57: 2 | K57: 2 | L57: 4 | M57: 4 | N57: 4 | O57: 4 | P57: 4 | Q57: 8 | R57: 8 | S57: 8 | T57: 8 | U57: 8 | V57: 8 | W57: 8 | X57: 8 | Y57: 8 | Z57: 8 | AA57: 8 | AB57: 8 | AC57: 8 | AD57: 8 | AE57: 8 | AF57: 8 | AG57: 8 | AH57: 8 | AI57: 8 | AJ57: 8 | AK57: 8 | AL57: 8 | AM57: 8 | AN57: 8 | AO57: 8 | AP57: 4 | AQ57: 4 | AR57: 4 | AS57: 4 | AT57: 4 | AU57: 4 | AV57: 4 | AW57: 4 | AX57: 4 | AY57: 4 | AZ57: 4 | BA57: 4 | BB57: 4 | BC57: 4
A58: max projects per 5 years | B58: 8 | C58: 8 | D58: 8 | E58: 8 | F58: 8 | G58: 8 | H58: 8 | I58: 8 | J58: 8 | K58: 8 | L58: 8 | M58: 8 | N58: 8 | O58: 8 | P58: 8 | Q58: 8 | R58: 8 | S58: 8 | T58: 8 | U58: 8 | V58: 8 | W58: 8 | X58: 8 | Y58: 8 | Z58: 8 | AA58: 8 | AB58: 8 | AC58: 8 | AD58: 8 | AE58: 8 | AF58: 30 | AG58: 30 | AH58: 30 | AI58: 30 | AJ58: 30 | AK58: 30 | AL58: 30 | AM58: 30 | AN58: 30 | AO58: 30 | AP58: 30 | AQ58: 30 | AR58: 30 | AS58: 30 | AT58: 30 | AU58: 30 | AV58: 30 | AW58: 30 | AX58: 30 | AY58: 30 | AZ58: 30 | BA58: 30 | BB58: 30 | BC58: 30
A59: project size multiplier | B59: 3 | C59: 3 | D59: 3 | E59: 3 | F59: 3 | G59: 3 | H59: 3 | I59: 3 | J59: 3 | K59: 3 | L59: 3 | M59: 3 | N59: 3 | O59: 3 | P59: 3 | Q59: 3 | R59: 3 | S59: 3 | T59: 3 | U59: 3 | V59: 3 | W59: 3 | X59: 3 | Y59: 3 | Z59: 3 | AA59: 3 | AB59: 3 | AC59: 3 | AD59: 3 | AE59: 3 | AF59: 3 | AG59: 3 | AH59: 3 | AI59: 3 | AJ59: 3 | AK59: 3 | AL59: 3 | AM59: 3 | AN59: 3 | AO59: 3 | AP59: 3 | AQ59: 3 | AR59: 3 | AS59: 3 | AT59: 3 | AU59: 3 | AV59: 3 | AW59: 3 | AX59: 3 | AY59: 3 | AZ59: 3 | BA59: 3 | BB59: 3 | BC59: 3
A60: scenario | B60: normal | C60: normal | D60: normal | E60: normal | F60: normal | G60: normal | H60: normal | I60: normal | J60: normal | K60: normal | L60: normal | M60: normal | N60: normal | O60: normal | P60: normal | Q60: normal | R60: normal | S60: normal | T60: normal | U60: normal | V60: normal | W60: normal | X60: normal | Y60: normal | Z60: normal | AA60: normal | AB60: normal | AC60: normal | AD60: normal | AE60: normal | AF60: normal | AG60: normal | AH60: normal | AI60: normal | AJ60: normal | AK60: hybrid | AL60: hybrid | AM60: hybrid | AN60: hybrid | AO60: hybrid | AP60: normal | AQ60: normal | AR60: normal | AS60: normal | AT60: normal | AU60: normal | AV60: normal | AW60: normal | AX60: normal | AY60: normal | AZ60: normal | BA60: normal | BB60: normal | BC60: normal
A62: scenName | B62: base | C62: base | D62: base | E62: base | F62: base | G62: very high contagion | H62: very high contagion | I62: very high contagion | J62: very high contagion | K62: very high contagion | L62: very high ind lr and high col lr | M62: very high ind lr and high col lr | N62: very high ind lr and high col lr | O62: very high ind lr and high col lr | P62: very high ind lr and high col lr | Q62: very high clr | R62: very high clr | S62: very high clr | T62: very high clr | U62: very high clr | V62: verhy high clr and high ilr | W62: verhy high clr and high ilr | X62: verhy high clr and high ilr | Y62: verhy high clr and high ilr | Z62: verhy high clr and high ilr | AA62: very high both lrs | AB62: very high both lrs | AC62: very high both lrs | AD62: very high both lrs | AE62: very high both lrs | AF62: verhy high lrs and high max projects | AG62: verhy high lrs and high max projects | AH62: verhy high lrs and high max projects | AI62: verhy high lrs and high max projects | AJ62: verhy high lrs and high max projects | AK62: verhy high lrs and high max projects and hybrid | AL62: verhy high lrs and high max projects and hybrid | AM62: verhy high lrs and high max projects and hybrid | AN62: verhy high lrs and high max projects and hybrid | AO62: verhy high lrs and high max projects and hybrid | AP62: base_network update | AQ62: base_network update | AR62: base_network update | AS62: base_network update | AT62: base_network update
A63: scenNb | B63: 1 | C63: 1 | D63: 1 | E63: 1 | F63: 1 | G63: 2 | H63: 2 | I63: 2 | J63: 2 | K63: 2 | L63: 3 | M63: 3 | N63: 3 | O63: 3 | P63: 3 | Q63: 4 | R63: 4 | S63: 4 | T63: 4 | U63: 4 | V63: 5 | W63: 5 | X63: 5 | Y63: 5 | Z63: 5 | AA63: 6 | AB63: 6 | AC63: 6 | AD63: 6 | AE63: 6 | AF63: 7 | AG63: 7 | AH63: 7 | AI63: 7 | AJ63: 7 | AK63: 8 | AL63: 8 | AM63: 8 | AN63: 8 | AO63: 8 | AP63: 9 | AQ63: 9 | AR63: 9 | AS63: 9 | AT63: 9

Sheet baseCase_installedCap
A1: year | B1: run1 | C1: run2 | D1: run3 | E1: run4 | F1: run5 | G1: run6 | H1: run7 | I1: run8 | J1: run9 | K1: run10 | L1: run11 | M1: run12 | N1: run13 | O1: run14 | P1: run15 | Q1: run16 | R1: run17 | S1: run18 | T1: run19 | U1: run20 | V1: run21 | W1: run22 | X1: run23 | Y1: run24 | Z1: run25 | AA1: run26 | AB1: run27 | AC1: run28 | AD1: run29 | AE1: run30 | AF1: run31 | AG1: run32 | AH1: run33 | AI1: run34 | AJ1: run35 | AK1: run36 | AL1: run37 | AM1: run38 | AN1: run39 | AO1: run40 | AP1: run41 | AQ1: run42 | AR1: run43 | AS1: run44 | AT1: run45 | AU1: run46 | AV1: run47 | AW1: run48 | AX1: run49 | AY1: run50 | AZ1: run51 | BA1: run52 | BB1: run53 | BC1: run54
A2: 2009 | B2: 447 | C2: 447 | D2: 447 | E2: 447 | F2: 447 | G2: 447 | H2: 447 | I2: 447 | J2: 447 | K2: 447 | L2: 447 | M2: 447 | N2: 447 | O2: 447 | P2: 447 | Q2: 447 | R2: 447 | S2: 447 | T2: 447 | U2: 447 | V2: 447 | W2: 447 | X2: 447 | Y2: 447 | Z2: 447 | AA2: 447 | AB2: 447 | AC2: 447 | AD2: 447 | AE2: 447 | AF2: 447 | AG2: 447 | AH2: 447 | AI2: 447 | AJ2: 447 | AK2: 447 | AL2: 447 | AM2: 447 | AN2: 447 | AO2: 447 | AP2: 447 | AQ2: 447 | AR2: 447 | AS2: 447 | AT2: 447 | AU2: 447 | AV2: 447 | AW2: 447 | AX2: 447 | AY2: 447 | AZ2: 447 | BA2: 447 | BB2: 447 | BC2: 447
A3: 2010 | B3: 447 | C3: 447 | D3: 447 | E3: 447 | F3: 447 | G3: 447 | H3: 447 | I3: 447 | J3: 447 | K3: 447 | L3: 447 | M3: 447 | N3: 447 | O3: 447 | P3: 447 | Q3: 447 | R3: 447 | S3: 447 | T3: 447 | U3: 447 | V3: 447 | W3: 447 | X3: 447 | Y3: 447 | Z3: 447 | AA3: 447 | AB3: 447 | AC3: 447 | AD3: 447 | AE3: 447 | AF3: 447 | AG3: 447 | AH3: 447 | AI3: 447 | AJ3: 447 | AK3: 447 | AL3: 447 | AM3: 447 | AN3: 447 | AO3: 447 | AP3: 447 | AQ3: 447 | AR3: 447 | AS3: 447 | AT3: 447 | AU3: 447 | AV3: 447 | AW3: 447 | AX3: 447 | AY3: 447 | AZ3: 447 | BA3: 447 | BB3: 447 | BC3: 447
A4: 2011 | B4: 20562 | C4: 20562 | D4: 20562 | E4: 20562 | F4: 20562 | G4: 20562 | H4: 20562 | I4: 20562 | J4: 20562 | K4: 20562 | L4: 20562 | M4: 20562 | N4: 20562 | O4: 20562 | P4: 20562 | Q4: 20562 | R4: 20562 | S4: 20562 | T4: 20562 | U4: 20562 | V4: 20562 | W4: 20562 | X4: 20562 | Y4: 20562 | Z4: 20562 | AA4: 20562 | AB4: 20562 | AC4: 20562 | AD4: 20562 | AE4: 20562 | AF4: 20562 | AG4: 20562 | AH4: 20562 | AI4: 20562 | AJ4: 20562 | AK4: 20562 | AL4: 20562 | AM4: 20562 | AN4: 20562 | AO4: 20562 | AP4: 20562 | AQ4: 20562 | AR4: 20562 | AS4: 20562 | AT4: 20562 | AU4: 20562 | AV4: 20562 | AW4: 20562 | AX4: 20562 | AY4: 20562 | AZ4: 20562 | BA4: 20562 | BB4: 20562 | BC4: 20562
A5: 2012 | B5: 23691 | C5: 23691 | D5: 23691 | E5: 23691 | F5: 23691 | G5: 23691 | H5: 23691 | I5: 23691 | J5: 23691 | K5: 23691 | L5: 23691 | M5: 23691 | N5: 23691 | O5: 23691 | P5: 23691 | Q5: 23691 | R5: 23691 | S5: 23691 | T5: 23691 | U5: 23691 | V5: 23691 | W5: 23691 | X5: 23691 | Y5: 23691 | Z5: 23691 | AA5: 23691 | AB5: 23691 | AC5: 23691 | AD5: 23691 | AE5: 23691 | AF5: 23691 | AG5: 23691 | AH5: 23691 | AI5: 23691 | AJ5: 23691 | AK5: 23691 | AL5: 23691 | AM5: 23691 | AN5: 23691 | AO5: 23691 | AP5: 23691 | AQ5: 23691 | AR5: 23691 | AS5: 23691 | AT5: 23691 | AU5: 23691 | AV5: 23691 | AW5: 23691 | AX5: 23691 | AY5: 23691 | AZ5: 23691 | BA5: 23691 | BB5: 23691 | BC5: 23691
A6: 2013 | B6: 32184 | C6: 32184 | D6: 32184 | E6: 32184 | F6: 32184 | G6: 32184 | H6: 32184 | I6: 32184 | J6: 32184 | K6: 32184 | L6: 32184 | M6: 32184 | N6: 32184 | O6: 32184 | P6: 32184 | Q6: 32184 | R6: 32184 | S6: 32184 | T6: 32184 | U6: 32184 | V6: 32184 | W6: 32184 | X6: 32184 | Y6: 32184 | Z6: 32184 | AA6: 32184 | AB6: 32184 | AC6: 32184 | AD6: 32184 | AE6: 32184 | AF6: 32184 | AG6: 32184 | AH6: 32184 | AI6: 32184 | AJ6: 32184 | AK6: 32184 | AL6: 32184 | AM6: 32184 | AN6: 32184 | AO6: 32184 | AP6: 32184 | AQ6: 32184 | AR6: 32184 | AS6: 32184 | AT6: 32184 | AU6: 32184 | AV6: 32184 | AW6: 32184 | AX6: 32184 | AY6: 32184 | AZ6: 32184 | BA6: 32184 | BB6: 32184 | BC6: 32184
A7: 2014 | B7: 44700 | C7: 44700 | D7: 44700 | E7: 44700 | F7: 44700 | G7: 44700 | H7: 44700 | I7: 44700 | J7: 44700 | K7: 44700 | L7: 44700 | M7: 44700 | N7: 44700 | O7: 44700 | P7: 44700 | Q7: 44700 | R7: 44700 | S7: 44700 | T7: 44700 | U7: 44700 | V7: 44700 | W7: 44700 | X7: 44700 | Y7: 44700 | Z7: 44700 | AA7: 44700 | AB7: 44700 | AC7: 44700 | AD7: 44700 | AE7: 44700 | AF7: 44700 | AG7: 44700 | AH7: 44700 | AI7: 44700 | AJ7: 44700 | AK7: 44700 | AL7: 44700 | AM7: 44700 | AN7: 44700 | AO7: 44700 | AP7: 44700 | AQ7: 44700 | AR7: 44700 | AS7: 44700 | AT7: 44700 | AU7: 44700 | AV7: 44700 | AW7: 44700 | AX7: 44700 | AY7: 44700 | AZ7: 44700 | BA7: 44700 | BB7: 44700 | BC7: 44700
A8: 2015 | B8: 68391 | C8: 68391 | D8: 68391 | E8: 68391 | F8: 68391 | G8: 68391 | H8: 68391 | I8: 68391 | J8: 68391 | K8: 68391 | L8: 68391 | M8: 68391 | N8: 68391 | O8: 68391 | P8: 68391 | Q8: 68391 | R8: 68391 | S8: 68391 | T8: 68391 | U8: 68391 | V8: 68391 | W8: 68391 | X8: 68391 | Y8: 68391 | Z8: 68391 | AA8: 68391 | AB8: 68391 | AC8: 68391 | AD8: 68391 | AE8: 68391 | AF8: 68391 | AG8: 68391 | AH8: 68391 | AI8: 68391 | AJ8: 68391 | AK8: 68391 | AL8: 68391 | AM8: 68391 | AN8: 68391 | AO8: 68391 | AP8: 68391 | AQ8: 68391 | AR8: 68391 | AS8: 68391 | AT8: 68391 | AU8: 68391 | AV8: 68391 | AW8: 68391 | AX8: 68391 | AY8: 68391 | AZ8: 68391 | BA8: 68391 | BB8: 68391 | BC8: 68391
A9: 2016 | B9: 101022 | C9: 101022 | D9: 101022 | E9: 101022 | F9: 101022 | G9: 101022 | H9: 101022 | I9: 101022 | J9: 101022 | K9: 101022 | L9: 101022 | M9: 101022 | N9: 101022 | O9: 101022 | P9: 101022 | Q9: 101022 | R9: 101022 | S9: 101022 | T9: 101022 | U9: 101022 | V9: 101022 | W9: 101022 | X9: 101022 | Y9: 101022 | Z9: 101022 | AA9: 101022 | AB9: 101022 | AC9: 101022 | AD9: 101022 | AE9: 101022 | AF9: 101022 | AG9: 101022 | AH9: 101022 | AI9: 101022 | AJ9: 101022 | AK9: 101022 | AL9: 101022 | AM9: 101022 | AN9: 101022 | AO9: 101022 | AP9: 101022 | AQ9: 101022 | AR9: 101022 | AS9: 101022 | AT9: 101022 | AU9: 101022 | AV9: 101022 | AW9: 101022 | AX9: 101022 | AY9: 101022 | AZ9: 101022 | BA9: 101022 | BB9: 101022 | BC9: 101022
A10: 2017 | B10: 150192 | C10: 150192 | D10: 150192 | E10: 150192 | F10: 150192 | G10: 150192 | H10: 150192 | I10: 150192 | J10: 150192 | K10: 150192 | L10: 150192 | M10: 150192 | N10: 150192 | O10: 150192 | P10: 150192 | Q10: 150192 | R10: 150192 | S10: 150192 | T10: 150192 | U10: 150192 | V10: 150192 | W10: 150192 | X10: 150192 | Y10: 150192 | Z10: 150192 | AA10: 150192 | AB10: 150192 | AC10: 150192 | AD10: 150192 | AE10: 150192 | AF10: 150192 | AG10: 150192 | AH10: 150192 | AI10: 150192 | AJ10: 150192 | AK10: 150192 | AL10: 150192 | AM10: 150192 | AN10: 150192 | AO10: 150192 | AP10: 150192 | AQ10: 150192 | AR10: 150192 | AS10: 150192 | AT10: 150192 | AU10: 150192 | AV10: 150192 | AW10: 150192 | AX10: 150192 | AY10: 150192 | AZ10: 150192 | BA10: 150192 | BB10: 150192 | BC10: 150192
A11: 2018 | B11: 234228 | C11: 234228 | D11: 234228 | E11: 234228 | F11: 234228 | G11: 234228 | H11: 234228 | I11: 234228 | J11: 234228 | K11: 234228 | L11: 234228 | M11: 234228 | N11: 234228 | O11: 234228 | P11: 234228 | Q11: 234228 | R11: 234228 | S11: 234228 | T11: 234228 | U11: 234228 | V11: 234228 | W11: 234228 | X11: 234228 | Y11: 234228 | Z11: 234228 | AA11: 234228 | AB11: 234228 | AC11: 234228 | AD11: 234228 | AE11: 234228 | AF11: 234228 | AG11: 234228 | AH11: 234228 | AI11: 234228 | AJ11: 234228 | AK11: 234228 | AL11: 234228 | AM11: 234228 | AN11: 234228 | AO11: 234228 | AP11: 234228 | AQ11: 234228 | AR11: 234228 | AS11: 234228 | AT11: 234228 | AU11: 234228 | AV11: 234228 | AW11: 234228 | AX11: 234228 | AY11: 234228 | AZ11: 234228 | BA11: 234228 | BB11: 234228 | BC11: 234228
A12: 2019 | B12: 324522 | C12: 324522 | D12: 324522 | E12: 324522 | F12: 324522 | G12: 324522 | H12: 324522 | I12: 324522 | J12: 324522 | K12: 324522 | L12: 324522 | M12: 324522 | N12: 324522 | O12: 324522 | P12: 324522 | Q12: 324522 | R12: 324522 | S12: 324522 | T12: 324522 | U12: 324522 | V12: 324522 | W12: 324522 | X12: 324522 | Y12: 324522 | Z12: 324522 | AA12: 324522 | AB12: 324522 | AC12: 324522 | AD12: 324522 | AE12: 324522 | AF12: 324522 | AG12: 324522 | AH12: 324522 | AI12: 324522 | AJ12: 324522 | AK12: 324522 | AL12: 324522 | AM12: 324522 | AN12: 324522 | AO12: 324522 | AP12: 324522 | AQ12: 324522 | AR12: 324522 | AS12: 324522 | AT12: 324522 | AU12: 324522 | AV12: 324522 | AW12: 324522 | AX12: 324522 | AY12: 324522 | AZ12: 324522 | BA12: 324522 | BB12: 324522 | BC12: 324522
A13: 2020 | B13: 401406 | C13: 401406 | D13: 401406 | E13: 401406 | F13: 401406 | G13: 401406 | H13: 401406 | I13: 401406 | J13: 401406 | K13: 401406 | L13: 401406 | M13: 401406 | N13: 401406 | O13: 401406 | P13: 401406 | Q13: 401406 | R13: 401406 | S13: 401406 | T13: 401406 | U13: 401406 | V13: 401406 | W13: 401406 | X13: 401406 | Y13: 401406 | Z13: 401406 | AA13: 401406 | AB13: 401406 | AC13: 401406 | AD13: 401406 | AE13: 401406 | AF13: 401406 | AG13: 401406 | AH13: 401406 | AI13: 401406 | AJ13: 401406 | AK13: 401406 | AL13: 401406 | AM13: 401406 | AN13: 401406 | AO13: 401406 | AP13: 401406 | AQ13: 401406 | AR13: 401406 | AS13: 401406 | AT13: 401406 | AU13: 401406 | AV13: 401406 | AW13: 401406 | AX13: 401406 | AY13: 401406 | AZ13: 401406 | BA13: 401406 | BB13: 401406 | BC13: 401406
... A43: 2050 | B43: 4281366 | C43: 4311315 | D43: 4216551 | E43: 4507101 | F43: 4230855 | G43: 7112664 | H43: 7046061 | I43: 7220391 | J43: 6881565 | K43: 7124733 | L43: 9048174 | M43: 9069630 | N43: 9012414 | O43: 9070524 | P43: 9065607 | Q43: 9890322 | R43: 9463884 | S43: 9699006 | T43: 9534510 | U43: 9681126 | V43: 9922953 | W43: 9897921 | X43: 9898368 | Y43: 9920271 | Z43: 9887193 | AA43: 9935022 | AB43: 9908649 | AC43: 9908649 | AD43: 9918483 | AE43: 9889875 | AF43: 17207712 | AG43: 17008350 | AH43: 17084340 | AI43: 17051709 | AJ43: 16945770 | AK43: 38513967 | AL43: 38158602 | AM43: 38496534 | AN43: 38131782 | AO43: 38463009 | AP43: 6914643 | AQ43: 7091208 | AR43: 7285653 | AS43: 6574476 | AT43: 5463681 | AU43: 6078306 | AV43: 8668224 | AW43: 7951236 | AX43: 6609342 | AY43: 7094784 | AZ43: 5715789 | BA43: 6262023 | BB43: 6211512 | BC43: 7620009
A48: willingness to initiate | B48: 0.057141599 | C48: 0.057141599 | D48: 0.057141599 | E48: 0.057141599 | F48: 0.057141599 | G48: 0.057141599 | H48: 0.057141599 | I48: 0.057141599 | J48: 0.057141599 | K48: 0.057141599 | L48: 0.057141599 | M48: 0.057141599 | N48: 0.057141599 | O48: 0.057141599 | P48: 0.057141599 | Q48: 0.057141599 | R48: 0.057141599 | S48: 0.057141599 | T48: 0.057141599 | U48: 0.057141599 | V48: 0.057141599 | W48: 0.057141599 | X48: 0.057141599 | Y48: 0.057141599 | Z48: 0.057141599 | AA48: 0.057141599 | AB48: 0.057141599 | AC48: 0.057141599 | AD48: 0.057141599 | AE48: 0.057141599 | AF48: 0.057141599 | AG48: 0.057141599 | AH48: 0.057141599 | AI48: 0.057141599 | AJ48: 0.057141599 | AK48: 0.057141599 | AL48: 0.057141599 | AM48: 0.057141599 | AN48: 0.057141599 | AO48: 0.057141599 | AP48: 0.057141599 | AQ48: 0.057141599 | AR48: 0.057141599 | AS48: 0.057141599 | AT48: 0.057141599 | AU48: 0.057141599 | AV48: 0.057141599 | AW48: 0.057141599 | AX48: 0.057141599 | AY48: 0.057141599 | AZ48: 0.057141599 | BA48: 0.057141599 | BB48: 0.057141599 | BC48: 0.057141599
A49: willingness to invest | B49: 0.63344822 | C49: 0.63344822 | D49: 0.63344822 | E49: 0.63344822 | F49: 0.63344822 | G49: 0.63344822 | H49: 0.63344822 | I49: 0.63344822 | J49: 0.63344822 | K49: 0.63344822 | L49: 0.63344822 | M49: 0.63344822 | N49: 0.63344822 | O49: 0.63344822 | P49: 0.63344822 | Q49: 0.63344822 | R49: 0.63344822 | S49: 0.63344822 | T49: 0.63344822 | U49: 0.63344822 | V49: 0.63344822 | W49: 0.63344822 | X49: 0.63344822 | Y49: 0.63344822 | Z49: 0.63344822 | AA49: 0.63344822 | AB49: 0.63344822 | AC49: 0.63344822 | AD49: 0.63344822 | AE49: 0.63344822 | AF49: 0.63344822 | AG49: 0.63344822 | AH49: 0.63344822 | AI49: 0.63344822 | AJ49: 0.63344822 | AK49: 0.63344822 | AL49: 0.63344822 | AM49: 0.63344822 | AN49: 0.63344822 | AO49: 0.63344822 | AP49: 0.63344822 | AQ49: 0.63344822 | AR49: 0.63344822 | AS49: 0.63344822 | AT49: 0.63344822 | AU49: 0.63344822 | AV49: 0.63344822 | AW49: 0.63344822 | AX49: 0.63344822 | AY49: 0.63344822 | AZ49: 0.63344822 | BA49: 0.63344822 | BB49: 0.63344822 | BC49: 0.63344822
A50: prof capacity | B50: 0.88176426 | C50: 0.88176426 | D50: 0.88176426 | E50: 0.88176426 | F50: 0.88176426 | G50: 0.88176426 | H50: 0.88176426 | I50: 0.88176426 | J50: 0.88176426 | K50: 0.88176426 | L50: 0.88176426 | M50: 0.88176426 | N50: 0.88176426 | O50: 0.88176426 | P50: 0.88176426 | Q50: 0.88176426 | R50: 0.88176426 | S50: 0.88176426 | T50: 0.88176426 | U50: 0.88176426 | V50: 0.88176426 | W50: 0.88176426 | X50: 0.88176426 | Y50: 0.88176426 | Z50: 0.88176426 | AA50: 0.88176426 | AB50: 0.88176426 | AC50: 0.88176426 | AD50: 0.88176426 | AE50: 0.88176426 | AF50: 0.88176426 | AG50: 0.88176426 | AH50: 0.88176426 | AI50: 0.88176426 | AJ50: 0.88176426 | AK50: 0.88176426 | AL50: 0.88176426 | AM50: 0.88176426 | AN50: 0.88176426 | AO50: 0.88176426 | AP50: 0.88176426 | AQ50: 0.88176426 | AR50: 0.88176426 | AS50: 0.88176426 | AT50: 0.88176426 | AU50: 0.88176426 | AV50: 0.88176426 | AW50: 0.88176426 | AX50: 0.88176426 | AY50: 0.88176426 | AZ50: 0.88176426 | BA50: 0.88176426 | BB50: 0.88176426 | BC50: 0.88176426
A51: indv learning rate | B51: 0.00976704 | C51: 0.00976704 | D51: 0.00976704 | E51: 0.00976704 | F51: 0.00976704 | G51: 0.00976704 | H51: 0.00976704 | I51: 0.00976704 | J51: 0.00976704 | K51: 0.00976704 | L51: 0.00976704 | M51: 0.00976704 | N51: 0.00976704 | O51: 0.00976704 | P51: 0.00976704 | Q51: 0.00976704 | R51: 0.00976704 | S51: 0.00976704 | T51: 0.00976704 | U51: 0.00976704 | V51: 0.00976704 | W51: 0.00976704 | X51: 0.00976704 | Y51: 0.00976704 | Z51: 0.00976704 | AA51: 0.00976704 | AB51: 0.00976704 | AC51: 0.00976704 | AD51: 0.00976704 | AE51: 0.00976704 | AF51: 0.00976704 | AG51: 0.00976704 | AH51: 0.00976704 | AI51: 0.00976704 | AJ51: 0.00976704 | AK51: 0.00976704 | AL51: 0.00976704 | AM51: 0.00976704 | AN51: 0.00976704 | AO51: 0.00976704 | AP51: 0.00976704 | AQ51: 0.00976704 | AR51: 0.00976704 | AS51: 0.00976704 | AT51: 0.00976704 | AU51: 0.00976704 | AV51: 0.00976704 | AW51: 0.00976704 | AX51: 0.00976704 | AY51: 0.00976704 | AZ51: 0.00976704 | BA51: 0.00976704 | BB51: 0.00976704 | BC51: 0.00976704
A52: col learning rate | B52: 0.058622444 | C52: 0.058622444 | D52: 0.058622444 | E52: 0.058622444 | F52: 0.058622444 | G52: 0.058622444 | H52: 0.058622444 | I52: 0.058622444 | J52: 0.058622444 | K52: 0.058622444 | L52: 0.058622444 | M52: 0.058622444 | N52: 0.058622444 | O52: 0.058622444 | P52: 0.058622444 | Q52: 0.058622444 | R52: 0.058622444 | S52: 0.058622444 | T52: 0.058622444 | U52: 0.058622444 | V52: 0.058622444 | W52: 0.058622444 | X52: 0.058622444 | Y52: 0.058622444 | Z52: 0.058622444 | AA52: 0.058622444 | AB52: 0.058622444 | AC52: 0.058622444 | AD52: 0.058622444 | AE52: 0.058622444 | AF52: 0.058622444 | AG52: 0.058622444 | AH52: 0.058622444 | AI52: 0.058622444 | AJ52: 0.058622444 | AK52: 0.058622444 | AL52: 0.058622444 | AM52: 0.058622444 | AN52: 0.058622444 | AO52: 0.058622444 | AP52: 0.058622444 | AQ52: 0.058622444 | AR52: 0.058622444 | AS52: 0.058622444 | AT52: 0.058622444 | AU52: 0.058622444 | AV52: 0.058622444 | AW52: 0.058622444 | AX52: 0.058622444 | AY52: 0.058622444 | AZ52: 0.058622444 | BA52: 0.058622444 | BB52: 0.058622444 | BC52: 0.058622444
A53: network type | B53: SMALL_WORLD_SIMILAR | C53: SMALL_WORLD_SIMILAR | D53: SMALL_WORLD_SIMILAR | E53: SMALL_WORLD_SIMILAR | F53: SMALL_WORLD_SIMILAR | G53: SMALL_WORLD_SIMILAR | H53: SMALL_WORLD_SIMILAR | I53: SMALL_WORLD_SIMILAR | J53: SMALL_WORLD_SIMILAR | K53: SMALL_WORLD_SIMILAR | L53: SMALL_WORLD_SIMILAR | M53: SMALL_WORLD_SIMILAR | N53: SMALL_WORLD_SIMILAR | O53: SMALL_WORLD_SIMILAR | P53: SMALL_WORLD_SIMILAR | Q53: SMALL_WORLD_SIMILAR | R53: SMALL_WORLD_SIMILAR | S53: SMALL_WORLD_SIMILAR | T53: SMALL_WORLD_SIMILAR | U53: SMALL_WORLD_SIMILAR | V53: SMALL_WORLD_SIMILAR | W53: SMALL_WORLD_SIMILAR | X53: SMALL_WORLD_SIMILAR | Y53: SMALL_WORLD_SIMILAR | Z53: SMALL_WORLD_SIMILAR | AA53: SMALL_WORLD_SIMILAR | AB53: SMALL_WORLD_SIMILAR | AC53: SMALL_WORLD_SIMILAR | AD53: SMALL_WORLD_SIMILAR | AE53: SMALL_WORLD_SIMILAR | AF53: SMALL_WORLD_SIMILAR | AG53: SMALL_WORLD_SIMILAR | AH53: SMALL_WORLD_SIMILAR | AI53: SMALL_WORLD_SIMILAR | AJ53: SMALL_WORLD_SIMILAR | AK53: SMALL_WORLD_SIMILAR | AL53: SMALL_WORLD_SIMILAR | AM53: SMALL_WORLD_SIMILAR | AN53: SMALL_WORLD_SIMILAR | AO53: SMALL_WORLD_SIMILAR | AP53: SMALL_WORLD_SIMILAR | AQ53: SMALL_WORLD_SIMILAR | AR53: SMALL_WORLD_SIMILAR | AS53: SMALL_WORLD_SIMILAR | AT53: SMALL_WORLD_SIMILAR | AU53: SMALL_WORLD_SIMILAR | AV53: SMALL_WORLD_SIMILAR | AW53: SMALL_WORLD_SIMILAR | AX53: SMALL_WORLD_SIMILAR | AY53: SMALL_WORLD_SIMILAR | AZ53: SMALL_WORLD_SIMILAR | BA53: SMALL_WORLD_SIMILAR | BB53: SMALL_WORLD_SIMILAR | BC53: SMALL_WORLD_SIMILAR
A54: policy indv learning | B54: FALSE | C54: FALSE | D54: FALSE | E54: FALSE | F54: FALSE | G54: TRUE | H54: TRUE | I54: TRUE | J54: TRUE | K54: TRUE | L54: TRUE | M54: TRUE | N54: TRUE | O54: TRUE | P54: TRUE | Q54: TRUE | R54: TRUE | S54: TRUE | T54: TRUE | U54: TRUE | V54: TRUE | W54: TRUE | X54: TRUE | Y54: TRUE | Z54: TRUE | AA54: TRUE | AB54: TRUE | AC54: TRUE | AD54: TRUE | AE54: TRUE | AF54: TRUE | AG54: TRUE | AH54: TRUE | AI54: TRUE | AJ54: TRUE | AK54: TRUE | AL54: TRUE | AM54: TRUE | AN54: TRUE | AO54: TRUE | AP54: FALSE | AQ54: FALSE | AR54: FALSE | AS54: FALSE | AT54: FALSE | AU54: FALSE | AV54: FALSE | AW54: FALSE | AX54: FALSE | AY54: FALSE | AZ54: FALSE | BA54: FALSE | BB54: FALSE | BC54: FALSE
A55: policy col learning | B55: FALSE | C55: FALSE | D55: FALSE | E55: FALSE | F55: FALSE | G55: TRUE | H55: TRUE | I55: TRUE | J55: TRUE | K55: TRUE | L55: TRUE | M55: TRUE | N55: TRUE | O55: TRUE | P55: TRUE | Q55: TRUE | R55: TRUE | S55: TRUE | T55: TRUE | U55: TRUE | V55: TRUE | W55: TRUE | X55: TRUE | Y55: TRUE | Z55: TRUE | AA55: TRUE | AB55: TRUE | AC55: TRUE | AD55: TRUE | AE55: TRUE | AF55: TRUE | AG55: TRUE | AH55: TRUE | AI55: TRUE | AJ55: TRUE | AK55: TRUE | AL55: TRUE | AM55: TRUE | AN55: TRUE | AO55: TRUE | AP55: FALSE | AQ55: FALSE | AR55: FALSE | AS55: FALSE | AT55: FALSE | AU55: FALSE | AV55: FALSE | AW55: FALSE | AX55: FALSE | AY55: FALSE | AZ55: FALSE | BA55: FALSE | BB55: FALSE | BC55: FALSE
A56: policy indv learning rate | B56: 2 | C56: 2 | D56: 2 | E56: 2 | F56: 2 | G56: 8 | H56: 8 | I56: 8 | J56: 8 | K56: 8 | L56: 8 | M56: 8 | N56: 8 | O56: 8 | P56: 8 | Q56: 2 | R56: 2 | S56: 2 | T56: 2 | U56: 2 | V56: 4 | W56: 4 | X56: 4 | Y56: 4 | Z56: 4 | AA56: 8 | AB56: 8 | AC56: 8 | AD56: 8 | AE56: 8 | AF56: 8 | AG56: 8 | AH56: 8 | AI56: 8 | AJ56: 8 | AK56: 8 | AL56: 8 | AM56: 8 | AN56: 8 | AO56: 8 | AP56: 2 | AQ56: 2 | AR56: 2 | AS56: 2 | AT56: 2 | AU56: 2 | AV56: 2 | AW56: 2 | AX56: 2 | AY56: 2 | AZ56: 2 | BA56: 2 | BB56: 2 | BC56: 2
A57: policy col learning rate | B57: 4 | C57: 4 | D57: 4 | E57: 4 | F57: 4 | G57: 2 | H57: 2 | I57: 2 | J57: 2 | K57: 2 | L57: 4 | M57: 4 | N57: 4 | O57: 4 | P57: 4 | Q57: 8 | R57: 8 | S57: 8 | T57: 8 | U57: 8 | V57: 8 | W57: 8 | X57: 8 | Y57: 8 | Z57: 8 | AA57: 8 | AB57: 8 | AC57: 8 | AD57: 8 | AE57: 8 | AF57: 8 | AG57: 8 | AH57: 8 | AI57: 8 | AJ57: 8 | AK57: 8 | AL57: 8 | AM57: 8 | AN57: 8 | AO57: 8 | AP57: 4 | AQ57: 4 | AR57: 4 | AS57: 4 | AT57: 4 | AU57: 4 | AV57: 4 | AW57: 4 | AX57: 4 | AY57: 4 | AZ57: 4 | BA57: 4 | BB57: 4 | BC57: 4
A58: max projects per 5 years | B58: 8 | C58: 8 | D58: 8 | E58: 8 | F58: 8 | G58: 8 | H58: 8 | I58: 8 | J58: 8 | K58: 8 | L58: 8 | M58: 8 | N58: 8 | O58: 8 | P58: 8 | Q58: 8 | R58: 8 | S58: 8 | T58: 8 | U58: 8 | V58: 8 | W58: 8 | X58: 8 | Y58: 8 | Z58: 8 | AA58: 8 | AB58: 8 | AC58: 8 | AD58: 8 | AE58: 8 | AF58: 30 | AG58: 30 | AH58: 30 | AI58: 30 | AJ58: 30 | AK58: 30 | AL58: 30 | AM58: 30 | AN58: 30 | AO58: 30 | AP58: 30 | AQ58: 30 | AR58: 30 | AS58: 30 | AT58: 30 | AU58: 30 | AV58: 30 | AW58: 30 | AX58: 30 | AY58: 30 | AZ58: 30 | BA58: 30 | BB58: 30 | BC58: 30
A59: project size multiplier | B59: 3 | C59: 3 | D59: 3 | E59: 3 | F59: 3 | G59: 3 | H59: 3 | I59: 3 | J59: 3 | K59: 3 | L59: 3 | M59: 3 | N59: 3 | O59: 3 | P59: 3 | Q59: 3 | R59: 3 | S59: 3 | T59: 3 | U59: 3 | V59: 3 | W59: 3 | X59: 3 | Y59: 3 | Z59: 3 | AA59: 3 | AB59: 3 | AC59: 3 | AD59: 3 | AE59: 3 | AF59: 3 | AG59: 3 | AH59: 3 | AI59: 3 | AJ59: 3 | AK59: 3 | AL59: 3 | AM59: 3 | AN59: 3 | AO59: 3 | AP59: 3 | AQ59: 3 | AR59: 3 | AS59: 3 | AT59: 3 | AU59: 3 | AV59: 3 | AW59: 3 | AX59: 3 | AY59: 3 | AZ59: 3 | BA59: 3 | BB59: 3 | BC59: 3
A60: scenario | B60: normal | C60: normal | D60: normal | E60: normal | F60: normal | G60: normal | H60: normal | I60: normal | J60: normal | K60: normal | L60: normal | M60: normal | N60: normal | O60: normal | P60: normal | Q60: normal | R60: normal | S60: normal | T60: normal | U60: normal | V60: normal | W60: normal | X60: normal | Y60: normal | Z60: normal | AA60: normal | AB60: normal | AC60: normal | AD60: normal | AE60: normal | AF60: normal | AG60: normal | AH60: normal | AI60: normal | AJ60: normal | AK60: hybrid | AL60: hybrid | AM60: hybrid | AN60: hybrid | AO60: hybrid | AP60: normal | AQ60: normal | AR60: normal | AS60: normal | AT60: normal | AU60: normal | AV60: normal | AW60: normal | AX60: normal | AY60: normal | AZ60: normal | BA60: normal | BB60: normal | BC60: normal
A62: scenName | B62: base | C62: base | D62: base | E62: base | F62: base | G62: very high contagion | H62: very high contagion | I62: very high contagion | J62: very high contagion | K62: very high contagion | L62: very high ind lr and high col lr | M62: very high ind lr and high col lr | N62: very high ind lr and high col lr | O62: very high ind lr and high col lr | P62: very high ind lr and high col lr | Q62: very high clr | R62: very high clr | S62: very high clr | T62: very high clr | U62: very high clr | V62: verhy high clr and high ilr | W62: verhy high clr and high ilr | X62: verhy high clr and high ilr | Y62: verhy high clr and high ilr | Z62: verhy high clr and high ilr | AA62: very high both lrs | AB62: very high both lrs | AC62: very high both lrs | AD62: very high both lrs | AE62: very high both lrs | AF62: verhy high lrs and high max projects | AG62: verhy high lrs and high max projects | AH62: verhy high lrs and high max projects | AI62: verhy high lrs and high max projects | AJ62: verhy high lrs and high max projects | AK62: verhy high lrs and high max projects and hybrid | AL62: verhy high lrs and high max projects and hybrid | AM62: verhy high lrs and high max projects and hybrid | AN62: verhy high lrs and high max projects and hybrid | AO62: verhy high lrs and high max projects and hybrid | AP62: base_network update | AQ62: base_network update | AR62: base_network update | AS62: base_network update | AT62: base_network update
A63: scenNb | B63: 1 | C63: 1 | D63: 1 | E63: 1 | F63: 1 | G63: 2 | H63: 2 | I63: 2 | J63: 2 | K63: 2 | L63: 3 | M63: 3 | N63: 3 | O63: 3 | P63: 3 | Q63: 4 | R63: 4 | S63: 4 | T63: 4 | U63: 4 | V63: 5 | W63: 5 | X63: 5 | Y63: 5 | Z63: 5 | AA63: 6 | AB63: 6 | AC63: 6 | AD63: 6 | AE63: 6 | AF63: 7 | AG63: 7 | AH63: 7 | AI63: 7 | AJ63: 7 | AK63: 8 | AL63: 8 | AM63: 8 | AN63: 8 | AO63: 8 | AP63: 9 | AQ63: 9 | AR63: 9 | AS63: 9 | AT63: 9

Sheet baseCase_percMembers
A1: year | B1: run1 | C1: run2 | D1: run3 | E1: run4 | F1: run5 | G1: run6 | H1: run7 | I1: run8 | J1: run9 | K1: run10 | L1: run11 | M1: run12 | N1: run13 | O1: run14 | P1: run15 | Q1: run16 | R1: run17 | S1: run18 | T1: run19 | U1: run20 | V1: run21 | W1: run22 | X1: run23 | Y1: run24 | Z1: run25 | AA1: run26 | AB1: run27 | AC1: run28 | AD1: run29 | AE1: run30 | AF1: run31 | AG1: run32 | AH1: run33 | AI1: run34 | AJ1: run35 | AK1: run36 | AL1: run37 | AM1: run38 | AN1: run39 | AO1: run40 | AP1: run41 | AQ1: run42 | AR1: run43 | AS1: run44 | AT1: run45 | AU1: run46 | AV1: run47 | AW1: run48 | AX1: run49 | AY1: run50 | AZ1: run51 | BA1: run52 | BB1: run53 | BC1: run54
B2: 0.002 | C2: 0.002 | D2: 0.002 | E2: 0.002 | F2: 0.002 | G2: 0.002 | H2: 0.002 | I2: 0.002 | J2: 0.002 | K2: 0.002 | L2: 0.002 | M2: 0.002 | N2: 0.002 | O2: 0.002 | P2: 0.002 | Q2: 0.002 | R2: 0.002 | S2: 0.002 | T2: 0.002 | U2: 0.002 | V2: 0.002 | W2: 0.002 | X2: 0.002 | Y2: 0.002 | Z2: 0.002 | AA2: 0.002 | AB2: 0.002 | AC2: 0.002 | AD2: 0.002 | AE2: 0.002 | AF2: 0.002 | AG2: 0.002 | AH2: 0.002 | AI2: 0.002 | AJ2: 0.002 | AK2: 0.002 | AL2: 0.002 | AM2: 0.002 | AN2: 0.002 | AO2: 0.002 | AP2: 0.002 | AQ2: 0.002 | AR2: 0.002 | AS2: 0.002 | AT2: 0.002 | AU2: 0.002 | AV2: 0.002 | AW2: 0.002 | AX2: 0.002 | AY2: 0.002 | AZ2: 0.002 | BA2: 0.002 | BB2: 0.002 | BC2: 0.002
B3: 0.003 | C3: 0.003 | D3: 0.003 | E3: 0.003 | F3: 0.003 | G3: 0.003 | H3: 0.003 | I3: 0.003 | J3: 0.003 | K3: 0.003 | L3: 0.003 | M3: 0.003 | N3: 0.003 | O3: 0.003 | P3: 0.003 | Q3: 0.003 | R3: 0.003 | S3: 0.003 | T3: 0.003 | U3: 0.003 | V3: 0.003 | W3: 0.003 | X3: 0.003 | Y3: 0.003 | Z3: 0.003 | AA3: 0.003 | AB3: 0.003 | AC3: 0.003 | AD3: 0.003 | AE3: 0.003 | AF3: 0.003 | AG3: 0.003 | AH3: 0.003 | AI3: 0.003 | AJ3: 0.003 | AK3: 0.003 | AL3: 0.003 | AM3: 0.003 | AN3: 0.003 | AO3: 0.003 | AP3: 0.003 | AQ3: 0.003 | AR3: 0.003 | AS3: 0.003 | AT3: 0.003 | AU3: 0.003 | AV3: 0.003 | AW3: 0.003 | AX3: 0.003 | AY3: 0.003 | AZ3: 0.003 | BA3: 0.003 | BB3: 0.003 | BC3: 0.003
B4: 0.052 | C4: 0.052 | D4: 0.052 | E4: 0.052 | F4: 0.052 | G4: 0.052 | H4: 0.052 | I4: 0.052 | J4: 0.052 | K4: 0.052 | L4: 0.052 | M4: 0.052 | N4: 0.052 | O4: 0.052 | P4: 0.052 | Q4: 0.052 | R4: 0.052 | S4: 0.052 | T4: 0.052 | U4: 0.052 | V4: 0.052 | W4: 0.052 | X4: 0.052 | Y4: 0.052 | Z4: 0.052 | AA4: 0.052 | AB4: 0.052 | AC4: 0.052 | AD4: 0.052 | AE4: 0.052 | AF4: 0.052 | AG4: 0.052 | AH4: 0.052 | AI4: 0.052 | AJ4: 0.052 | AK4: 0.052 | AL4: 0.052 | AM4: 0.052 | AN4: 0.052 | AO4: 0.052 | AP4: 0.052 | AQ4: 0.052 | AR4: 0.052 | AS4: 0.052 | AT4: 0.052 | AU4: 0.052 | AV4: 0.052 | AW4: 0.052 | AX4: 0.052 | AY4: 0.052 | AZ4: 0.052 | BA4: 0.052 | BB4: 0.052 | BC4: 0.052
B5: 0.061 | C5: 0.061 | D5: 0.061 | E5: 0.061 | F5: 0.061 | G5: 0.061 | H5: 0.061 | I5: 0.061 | J5: 0.061 | K5: 0.061 | L5: 0.061 | M5: 0.061 | N5: 0.061 | O5: 0.061 | P5: 0.061 | Q5: 0.061 | R5: 0.061 | S5: 0.061 | T5: 0.061 | U5: 0.061 | V5: 0.061 | W5: 0.061 | X5: 0.061 | Y5: 0.061 | Z5: 0.061 | AA5: 0.061 | AB5: 0.061 | AC5: 0.061 | AD5: 0.061 | AE5: 0.061 | AF5: 0.061 | AG5: 0.061 | AH5: 0.061 | AI5: 0.061 | AJ5: 0.061 | AK5: 0.061 | AL5: 0.061 | AM5: 0.061 | AN5: 0.061 | AO5: 0.061 | AP5: 0.061 | AQ5: 0.061 | AR5: 0.061 | AS5: 0.061 | AT5: 0.061 | AU5: 0.061 | AV5: 0.061 | AW5: 0.061 | AX5: 0.061 | AY5: 0.061 | AZ5: 0.061 | BA5: 0.061 | BB5: 0.061 | BC5: 0.061
B6: 0.084 | C6: 0.084 | D6: 0.084 | E6: 0.084 | F6: 0.084 | G6: 0.084 | H6: 0.084 | I6: 0.084 | J6: 0.084 | K6: 0.084 | L6: 0.084 | M6: 0.084 | N6: 0.084 | O6: 0.084 | P6: 0.084 | Q6: 0.084 | R6: 0.084 | S6: 0.084 | T6: 0.084 | U6: 0.084 | V6: 0.084 | W6: 0.084 | X6: 0.084 | Y6: 0.084 | Z6: 0.084 | AA6: 0.084 | AB6: 0.084 | AC6: 0.084 | AD6: 0.084 | AE6: 0.084 | AF6: 0.084 | AG6: 0.084 | AH6: 0.084 | AI6: 0.084 | AJ6: 0.084 | AK6: 0.084 | AL6: 0.084 | AM6: 0.084 | AN6: 0.084 | AO6: 0.084 | AP6: 0.084 | AQ6: 0.084 | AR6: 0.084 | AS6: 0.084 | AT6: 0.084 | AU6: 0.084 | AV6: 0.084 | AW6: 0.084 | AX6: 0.084 | AY6: 0.084 | AZ6: 0.084 | BA6: 0.084 | BB6: 0.084 | BC6: 0.084
B7: 0.117 | C7: 0.117 | D7: 0.117 | E7: 0.117 | F7: 0.117 | G7: 0.117 | H7: 0.117 | I7: 0.117 | J7: 0.117 | K7: 0.117 | L7: 0.117 | M7: 0.117 | N7: 0.117 | O7: 0.117 | P7: 0.117 | Q7: 0.117 | R7: 0.117 | S7: 0.117 | T7: 0.117 | U7: 0.117 | V7: 0.117 | W7: 0.117 | X7: 0.117 | Y7: 0.117 | Z7: 0.117 | AA7: 0.117 | AB7: 0.117 | AC7: 0.117 | AD7: 0.117 | AE7: 0.117 | AF7: 0.117 | AG7: 0.117 | AH7: 0.117 | AI7: 0.117 | AJ7: 0.117 | AK7: 0.117 | AL7: 0.117 | AM7: 0.117 | AN7: 0.117 | AO7: 0.117 | AP7: 0.117 | AQ7: 0.117 | AR7: 0.117 | AS7: 0.117 | AT7: 0.117 | AU7: 0.117 | AV7: 0.117 | AW7: 0.117 | AX7: 0.117 | AY7: 0.117 | AZ7: 0.117 | BA7: 0.117 | BB7: 0.117 | BC7: 0.117
B8: 0.178 | C8: 0.178 | D8: 0.178 | E8: 0.178 | F8: 0.178 | G8: 0.178 | H8: 0.178 | I8: 0.178 | J8: 0.178 | K8: 0.178 | L8: 0.178 | M8: 0.178 | N8: 0.178 | O8: 0.178 | P8: 0.178 | Q8: 0.178 | R8: 0.178 | S8: 0.178 | T8: 0.178 | U8: 0.178 | V8: 0.178 | W8: 0.178 | X8: 0.178 | Y8: 0.178 | Z8: 0.178 | AA8: 0.178 | AB8: 0.178 | AC8: 0.178 | AD8: 0.178 | AE8: 0.178 | AF8: 0.178 | AG8: 0.178 | AH8: 0.178 | AI8: 0.178 | AJ8: 0.178 | AK8: 0.178 | AL8: 0.178 | AM8: 0.178 | AN8: 0.178 | AO8: 0.178 | AP8: 0.178 | AQ8: 0.178 | AR8: 0.178 | AS8: 0.178 | AT8: 0.178 | AU8: 0.178 | AV8: 0.178 | AW8: 0.178 | AX8: 0.178 | AY8: 0.178 | AZ8: 0.178 | BA8: 0.178 | BB8: 0.178 | BC8: 0.178
B9: 0.259 | C9: 0.259 | D9: 0.259 | E9: 0.259 | F9: 0.259 | G9: 0.259 | H9: 0.259 | I9: 0.259 | J9: 0.259 | K9: 0.259 | L9: 0.259 | M9: 0.259 | N9: 0.259 | O9: 0.259 | P9: 0.259 | Q9: 0.259 | R9: 0.259 | S9: 0.259 | T9: 0.259 | U9: 0.259 | V9: 0.259 | W9: 0.259 | X9: 0.259 | Y9: 0.259 | Z9: 0.259 | AA9: 0.259 | AB9: 0.259 | AC9: 0.259 | AD9: 0.259 | AE9: 0.259 | AF9: 0.259 | AG9: 0.259 | AH9: 0.259 | AI9: 0.259 | AJ9: 0.259 | AK9: 0.259 | AL9: 0.259 | AM9: 0.259 | AN9: 0.259 | AO9: 0.259 | AP9: 0.259 | AQ9: 0.259 | AR9: 0.259 | AS9: 0.259 | AT9: 0.259 | AU9: 0.259 | AV9: 0.259 | AW9: 0.259 | AX9: 0.259 | AY9: 0.259 | AZ9: 0.259 | BA9: 0.259 | BB9: 0.259 | BC9: 0.259
B10: 0.381 | C10: 0.381 | D10: 0.381 | E10: 0.381 | F10: 0.381 | G10: 0.381 | H10: 0.381 | I10: 0.381 | J10: 0.381 | K10: 0.381 | L10: 0.381 | M10: 0.381 | N10: 0.381 | O10: 0.381 | P10: 0.381 | Q10: 0.381 | R10: 0.381 | S10: 0.381 | T10: 0.381 | U10: 0.381 | V10: 0.381 | W10: 0.381 | X10: 0.381 | Y10: 0.381 | Z10: 0.381 | AA10: 0.381 | AB10: 0.381 | AC10: 0.381 | AD10: 0.381 | AE10: 0.381 | AF10: 0.381 | AG10: 0.381 | AH10: 0.381 | AI10: 0.381 | AJ10: 0.381 | AK10: 0.381 | AL10: 0.381 | AM10: 0.381 | AN10: 0.381 | AO10: 0.381 | AP10: 0.381 | AQ10: 0.381 | AR10: 0.381 | AS10: 0.381 | AT10: 0.381 | AU10: 0.381 | AV10: 0.381 | AW10: 0.381 | AX10: 0.381 | AY10: 0.381 | AZ10: 0.381 | BA10: 0.381 | BB10: 0.381 | BC10: 0.381
B11: 0.589 | C11: 0.589 | D11: 0.589 | E11: 0.589 | F11: 0.589 | G11: 0.589 | H11: 0.589 | I11: 0.589 | J11: 0.589 | K11: 0.589 | L11: 0.589 | M11: 0.589 | N11: 0.589 | O11: 0.589 | P11: 0.589 | Q11: 0.589 | R11: 0.589 | S11: 0.589 | T11: 0.589 | U11: 0.589 | V11: 0.589 | W11: 0.589 | X11: 0.589 | Y11: 0.589 | Z11: 0.589 | AA11: 0.589 | AB11: 0.589 | AC11: 0.589 | AD11: 0.589 | AE11: 0.589 | AF11: 0.589 | AG11: 0.589 | AH11: 0.589 | AI11: 0.589 | AJ11: 0.589 | AK11: 0.589 | AL11: 0.589 | AM11: 0.589 | AN11: 0.589 | AO11: 0.589 | AP11: 0.589 | AQ11: 0.589 | AR11: 0.589 | AS11: 0.589 | AT11: 0.589 | AU11: 0.589 | AV11: 0.589 | AW11: 0.589 | AX11: 0.589 | AY11: 0.589 | AZ11: 0.589 | BA11: 0.589 | BB11: 0.589 | BC11: 0.589
B12: 0.816 | C12: 0.816 | D12: 0.816 | E12: 0.816 | F12: 0.816 | G12: 0.816 | H12: 0.816 | I12: 0.816 | J12: 0.816 | K12: 0.816 | L12: 0.816 | M12: 0.816 | N12: 0.816 | O12: 0.816 | P12: 0.816 | Q12: 0.816 | R12: 0.816 | S12: 0.816 | T12: 0.816 | U12: 0.816 | V12: 0.816 | W12: 0.816 | X12: 0.816 | Y12: 0.816 | Z12: 0.816 | AA12: 0.816 | AB12: 0.816 | AC12: 0.816 | AD12: 0.816 | AE12: 0.816 | AF12: 0.816 | AG12: 0.816 | AH12: 0.816 | AI12: 0.816 | AJ12: 0.816 | AK12: 0.816 | AL12: 0.816 | AM12: 0.816 | AN12: 0.816 | AO12: 0.816 | AP12: 0.816 | AQ12: 0.816 | AR12: 0.816 | AS12: 0.816 | AT12: 0.816 | AU12: 0.816 | AV12: 0.816 | AW12: 0.816 | AX12: 0.816 | AY12: 0.816 | AZ12: 0.816 | BA12: 0.816 | BB12: 0.816 | BC12: 0.816
B13: 1.01 | C13: 1.01 | D13: 1.01 | E13: 1.01 | F13: 1.01 | G13: 1.01 | H13: 1.01 | I13: 1.01 | J13: 1.01 | K13: 1.01 | L13: 1.01 | M13: 1.01 | N13: 1.01 | O13: 1.01 | P13: 1.01 | Q13: 1.01 | R13: 1.01 | S13: 1.01 | T13: 1.01 | U13: 1.01 | V13: 1.01 | W13: 1.01 | X13: 1.01 | Y13: 1.01 | Z13: 1.01 | AA13: 1.01 | AB13: 1.01 | AC13: 1.01 | AD13: 1.01 | AE13: 1.01 | AF13: 1.01 | AG13: 1.01 | AH13: 1.01 | AI13: 1.01 | AJ13: 1.01 | AK13: 1.01 | AL13: 1.01 | AM13: 1.01 | AN13: 1.01 | AO13: 1.01 | AP13: 1.01 | AQ13: 1.01 | AR13: 1.01 | AS13: 1.01 | AT13: 1.01 | AU13: 1.01 | AV13: 1.01 | AW13: 1.01 | AX13: 1.01 | AY13: 1.01 | AZ13: 1.01 | BA13: 1.01 | BB13: 1.01 | BC13: 1.01
... B43: 10.777 | C43: 10.853 | D43: 10.614 | E43: 11.344 | F43: 10.651 | G43: 17.895 | H43: 17.728 | I43: 18.167 | J43: 17.314 | K43: 17.926 | L43: 22.765 | M43: 22.819 | N43: 22.675 | O43: 22.821 | P43: 22.809 | Q43: 24.884 | R43: 23.812 | S43: 24.404 | T43: 23.99 | U43: 24.359 | V43: 24.966 | W43: 24.903 | X43: 24.904 | Y43: 24.959 | Z43: 24.876 | AA43: 24.996 | AB43: 24.93 | AC43: 24.93 | AD43: 24.955 | AE43: 24.883 | AF43: 43.294 | AG43: 42.793 | AH43: 42.984 | AI43: 42.902 | AJ43: 42.635 | AK43: 33.414 | AL43: 33.116 | AM43: 33.4 | AN43: 33.094 | AO43: 33.372 | AP43: 17.402 | AQ43: 17.845 | AR43: 18.335 | AS43: 16.546 | AT43: 13.752 | AU43: 15.298 | AV43: 21.811 | AW43: 20.008 | AX43: 16.634 | AY43: 17.855 | AZ43: 14.386 | BA43: 15.76 | BB43: 15.633 | BC43: 19.176
A48: willingness to initiate | B48: 0.057141599 | C48: 0.057141599 | D48: 0.057141599 | E48: 0.057141599 | F48: 0.057141599 | G48: 0.057141599 | H48: 0.057141599 | I48: 0.057141599 | J48: 0.057141599 | K48: 0.057141599 | L48: 0.057141599 | M48: 0.057141599 | N48: 0.057141599 | O48: 0.057141599 | P48: 0.057141599 | Q48: 0.057141599 | R48: 0.057141599 | S48: 0.057141599 | T48: 0.057141599 | U48: 0.057141599 | V48: 0.057141599 | W48: 0.057141599 | X48: 0.057141599 | Y48: 0.057141599 | Z48: 0.057141599 | AA48: 0.057141599 | AB48: 0.057141599 | AC48: 0.057141599 | AD48: 0.057141599 | AE48: 0.057141599 | AF48: 0.057141599 | AG48: 0.057141599 | AH48: 0.057141599 | AI48: 0.057141599 | AJ48: 0.057141599 | AK48: 0.057141599 | AL48: 0.057141599 | AM48: 0.057141599 | AN48: 0.057141599 | AO48: 0.057141599 | AP48: 0.057141599 | AQ48: 0.057141599 | AR48: 0.057141599 | AS48: 0.057141599 | AT48: 0.057141599 | AU48: 0.057141599 | AV48: 0.057141599 | AW48: 0.057141599 | AX48: 0.057141599 | AY48: 0.057141599 | AZ48: 0.057141599 | BA48: 0.057141599 | BB48: 0.057141599 | BC48: 0.057141599
A49: willingness to invest | B49: 0.63344822 | C49: 0.63344822 | D49: 0.63344822 | E49: 0.63344822 | F49: 0.63344822 | G49: 0.63344822 | H49: 0.63344822 | I49: 0.63344822 | J49: 0.63344822 | K49: 0.63344822 | L49: 0.63344822 | M49: 0.63344822 | N49: 0.63344822 | O49: 0.63344822 | P49: 0.63344822 | Q49: 0.63344822 | R49: 0.63344822 | S49: 0.63344822 | T49: 0.63344822 | U49: 0.63344822 | V49: 0.63344822 | W49: 0.63344822 | X49: 0.63344822 | Y49: 0.63344822 | Z49: 0.63344822 | AA49: 0.63344822 | AB49: 0.63344822 | AC49: 0.63344822 | AD49: 0.63344822 | AE49: 0.63344822 | AF49: 0.63344822 | AG49: 0.63344822 | AH49: 0.63344822 | AI49: 0.63344822 | AJ49: 0.63344822 | AK49: 0.63344822 | AL49: 0.63344822 | AM49: 0.63344822 | AN49: 0.63344822 | AO49: 0.63344822 | AP49: 0.63344822 | AQ49: 0.63344822 | AR49: 0.63344822 | AS49: 0.63344822 | AT49: 0.63344822 | AU49: 0.63344822 | AV49: 0.63344822 | AW49: 0.63344822 | AX49: 0.63344822 | AY49: 0.63344822 | AZ49: 0.63344822 | BA49: 0.63344822 | BB49: 0.63344822 | BC49: 0.63344822
A50: prof capacity | B50: 0.88176426 | C50: 0.88176426 | D50: 0.88176426 | E50: 0.88176426 | F50: 0.88176426 | G50: 0.88176426 | H50: 0.88176426 | I50: 0.88176426 | J50: 0.88176426 | K50: 0.88176426 | L50: 0.88176426 | M50: 0.88176426 | N50: 0.88176426 | O50: 0.88176426 | P50: 0.88176426 | Q50: 0.88176426 | R50: 0.88176426 | S50: 0.88176426 | T50: 0.88176426 | U50: 0.88176426 | V50: 0.88176426 | W50: 0.88176426 | X50: 0.88176426 | Y50: 0.88176426 | Z50: 0.88176426 | AA50: 0.88176426 | AB50: 0.88176426 | AC50: 0.88176426 | AD50: 0.88176426 | AE50: 0.88176426 | AF50: 0.88176426 | AG50: 0.88176426 | AH50: 0.88176426 | AI50: 0.88176426 | AJ50: 0.88176426 | AK50: 0.88176426 | AL50: 0.88176426 | AM50: 0.88176426 | AN50: 0.88176426 | AO50: 0.88176426 | AP50: 0.88176426 | AQ50: 0.88176426 | AR50: 0.88176426 | AS50: 0.88176426 | AT50: 0.88176426 | AU50: 0.88176426 | AV50: 0.88176426 | AW50: 0.88176426 | AX50: 0.88176426 | AY50: 0.88176426 | AZ50: 0.88176426 | BA50: 0.88176426 | BB50: 0.88176426 | BC50: 0.88176426
A51: indv learning rate | B51: 0.00976704 | C51: 0.00976704 | D51: 0.00976704 | E51: 0.00976704 | F51: 0.00976704 | G51: 0.00976704 | H51: 0.00976704 | I51: 0.00976704 | J51: 0.00976704 | K51: 0.00976704 | L51: 0.00976704 | M51: 0.00976704 | N51: 0.00976704 | O51: 0.00976704 | P51: 0.00976704 | Q51: 0.00976704 | R51: 0.00976704 | S51: 0.00976704 | T51: 0.00976704 | U51: 0.00976704 | V51: 0.00976704 | W51: 0.00976704 | X51: 0.00976704 | Y51: 0.00976704 | Z51: 0.00976704 | AA51: 0.00976704 | AB51: 0.00976704 | AC51: 0.00976704 | AD51: 0.00976704 | AE51: 0.00976704 | AF51: 0.00976704 | AG51: 0.00976704 | AH51: 0.00976704 | AI51: 0.00976704 | AJ51: 0.00976704 | AK51: 0.00976704 | AL51: 0.00976704 | AM51: 0.00976704 | AN51: 0.00976704 | AO51: 0.00976704 | AP51: 0.00976704 | AQ51: 0.00976704 | AR51: 0.00976704 | AS51: 0.00976704 | AT51: 0.00976704 | AU51: 0.00976704 | AV51: 0.00976704 | AW51: 0.00976704 | AX51: 0.00976704 | AY51: 0.00976704 | AZ51: 0.00976704 | BA51: 0.00976704 | BB51: 0.00976704 | BC51: 0.00976704
A52: col learning rate | B52: 0.058622444 | C52: 0.058622444 | D52: 0.058622444 | E52: 0.058622444 | F52: 0.058622444 | G52: 0.058622444 | H52: 0.058622444 | I52: 0.058622444 | J52: 0.058622444 | K52: 0.058622444 | L52: 0.058622444 | M52: 0.058622444 | N52: 0.058622444 | O52: 0.058622444 | P52: 0.058622444 | Q52: 0.058622444 | R52: 0.058622444 | S52: 0.058622444 | T52: 0.058622444 | U52: 0.058622444 | V52: 0.058622444 | W52: 0.058622444 | X52: 0.058622444 | Y52: 0.058622444 | Z52: 0.058622444 | AA52: 0.058622444 | AB52: 0.058622444 | AC52: 0.058622444 | AD52: 0.058622444 | AE52: 0.058622444 | AF52: 0.058622444 | AG52: 0.058622444 | AH52: 0.058622444 | AI52: 0.058622444 | AJ52: 0.058622444 | AK52: 0.058622444 | AL52: 0.058622444 | AM52: 0.058622444 | AN52: 0.058622444 | AO52: 0.058622444 | AP52: 0.058622444 | AQ52: 0.058622444 | AR52: 0.058622444 | AS52: 0.058622444 | AT52: 0.058622444 | AU52: 0.058622444 | AV52: 0.058622444 | AW52: 0.058622444 | AX52: 0.058622444 | AY52: 0.058622444 | AZ52: 0.058622444 | BA52: 0.058622444 | BB52: 0.058622444 | BC52: 0.058622444
A53: network type | B53: SMALL_WORLD_SIMILAR | C53: SMALL_WORLD_SIMILAR | D53: SMALL_WORLD_SIMILAR | E53: SMALL_WORLD_SIMILAR | F53: SMALL_WORLD_SIMILAR | G53: SMALL_WORLD_SIMILAR | H53: SMALL_WORLD_SIMILAR | I53: SMALL_WORLD_SIMILAR | J53: SMALL_WORLD_SIMILAR | K53: SMALL_WORLD_SIMILAR | L53: SMALL_WORLD_SIMILAR | M53: SMALL_WORLD_SIMILAR | N53: SMALL_WORLD_SIMILAR | O53: SMALL_WORLD_SIMILAR | P53: SMALL_WORLD_SIMILAR | Q53: SMALL_WORLD_SIMILAR | R53: SMALL_WORLD_SIMILAR | S53: SMALL_WORLD_SIMILAR | T53: SMALL_WORLD_SIMILAR | U53: SMALL_WORLD_SIMILAR | V53: SMALL_WORLD_SIMILAR | W53: SMALL_WORLD_SIMILAR | X53: SMALL_WORLD_SIMILAR | Y53: SMALL_WORLD_SIMILAR | Z53: SMALL_WORLD_SIMILAR | AA53: SMALL_WORLD_SIMILAR | AB53: SMALL_WORLD_SIMILAR | AC53: SMALL_WORLD_SIMILAR | AD53: SMALL_WORLD_SIMILAR | AE53: SMALL_WORLD_SIMILAR | AF53: SMALL_WORLD_SIMILAR | AG53: SMALL_WORLD_SIMILAR | AH53: SMALL_WORLD_SIMILAR | AI53: SMALL_WORLD_SIMILAR | AJ53: SMALL_WORLD_SIMILAR | AK53: SMALL_WORLD_SIMILAR | AL53: SMALL_WORLD_SIMILAR | AM53: SMALL_WORLD_SIMILAR | AN53: SMALL_WORLD_SIMILAR | AO53: SMALL_WORLD_SIMILAR | AP53: SMALL_WORLD_SIMILAR | AQ53: SMALL_WORLD_SIMILAR | AR53: SMALL_WORLD_SIMILAR | AS53: SMALL_WORLD_SIMILAR | AT53: SMALL_WORLD_SIMILAR | AU53: SMALL_WORLD_SIMILAR | AV53: SMALL_WORLD_SIMILAR | AW53: SMALL_WORLD_SIMILAR | AX53: SMALL_WORLD_SIMILAR | AY53: SMALL_WORLD_SIMILAR | AZ53: SMALL_WORLD_SIMILAR | BA53: SMALL_WORLD_SIMILAR | BB53: SMALL_WORLD_SIMILAR | BC53: SMALL_WORLD_SIMILAR
A54: policy indv learning | B54: FALSE | C54: FALSE | D54: FALSE | E54: FALSE | F54: FALSE | G54: TRUE | H54: TRUE | I54: TRUE | J54: TRUE | K54: TRUE | L54: TRUE | M54: TRUE | N54: TRUE | O54: TRUE | P54: TRUE | Q54: TRUE | R54: TRUE | S54: TRUE | T54: TRUE | U54: TRUE | V54: TRUE | W54: TRUE | X54: TRUE | Y54: TRUE | Z54: TRUE | AA54: TRUE | AB54: TRUE | AC54: TRUE | AD54: TRUE | AE54: TRUE | AF54: TRUE | AG54: TRUE | AH54: TRUE | AI54: TRUE | AJ54: TRUE | AK54: TRUE | AL54: TRUE | AM54: TRUE | AN54: TRUE | AO54: TRUE | AP54: FALSE | AQ54: FALSE | AR54: FALSE | AS54: FALSE | AT54: FALSE | AU54: FALSE | AV54: FALSE | AW54: FALSE | AX54: FALSE | AY54: FALSE | AZ54: FALSE | BA54: FALSE | BB54: FALSE | BC54: FALSE
A55: policy col learning | B55: FALSE | C55: FALSE | D55: FALSE | E55: FALSE | F55: FALSE | G55: TRUE | H55: TRUE | I55: TRUE | J55: TRUE | K55: TRUE | L55: TRUE | M55: TRUE | N55: TRUE | O55: TRUE | P55: TRUE | Q55: TRUE | R55: TRUE | S55: TRUE | T55: TRUE | U55: TRUE | V55: TRUE | W55: TRUE | X55: TRUE | Y55: TRUE | Z55: TRUE | AA55: TRUE | AB55: TRUE | AC55: TRUE | AD55: TRUE | AE55: TRUE | AF55: TRUE | AG55: TRUE | AH55: TRUE | AI55: TRUE | AJ55: TRUE | AK55: TRUE | AL55: TRUE | AM55: TRUE | AN55: TRUE | AO55: TRUE | AP55: FALSE | AQ55: FALSE | AR55: FALSE | AS55: FALSE | AT55: FALSE | AU55: FALSE | AV55: FALSE | AW55: FALSE | AX55: FALSE | AY55: FALSE | AZ55: FALSE | BA55: FALSE | BB55: FALSE | BC55: FALSE
A56: policy indv learning rate | B56: 2 | C56: 2 | D56: 2 | E56: 2 | F56: 2 | G56: 8 | H56: 8 | I56: 8 | J56: 8 | K56: 8 | L56: 8 | M56: 8 | N56: 8 | O56: 8 | P56: 8 | Q56: 2 | R56: 2 | S56: 2 | T56: 2 | U56: 2 | V56: 4 | W56: 4 | X56: 4 | Y56: 4 | Z56: 4 | AA56: 8 | AB56: 8 | AC56: 8 | AD56: 8 | AE56: 8 | AF56: 8 | AG56: 8 | AH56: 8 | AI56: 8 | AJ56: 8 | AK56: 8 | AL56: 8 | AM56: 8 | AN56: 8 | AO56: 8 | AP56: 2 | AQ56: 2 | AR56: 2 | AS56: 2 | AT56: 2 | AU56: 2 | AV56: 2 | AW56: 2 | AX56: 2 | AY56: 2 | AZ56: 2 | BA56: 2 | BB56: 2 | BC56: 2
A57: policy col learning rate | B57: 4 | C57: 4 | D57: 4 | E57: 4 | F57: 4 | G57: 2 | H57: 2 | I57: 2 | J57: 2 | K57: 2 | L57: 4 | M57: 4 | N57: 4 | O57: 4 | P57: 4 | Q57: 8 | R57: 8 | S57: 8 | T57: 8 | U57: 8 | V57: 8 | W57: 8 | X57: 8 | Y57: 8 | Z57: 8 | AA57: 8 | AB57: 8 | AC57: 8 | AD57: 8 | AE57: 8 | AF57: 8 | AG57: 8 | AH57: 8 | AI57: 8 | AJ57: 8 | AK57: 8 | AL57: 8 | AM57: 8 | AN57: 8 | AO57: 8 | AP57: 4 | AQ57: 4 | AR57: 4 | AS57: 4 | AT57: 4 | AU57: 4 | AV57: 4 | AW57: 4 | AX57: 4 | AY57: 4 | AZ57: 4 | BA57: 4 | BB57: 4 | BC57: 4
A58: max projects per 5 years | B58: 8 | C58: 8 | D58: 8 | E58: 8 | F58: 8 | G58: 8 | H58: 8 | I58: 8 | J58: 8 | K58: 8 | L58: 8 | M58: 8 | N58: 8 | O58: 8 | P58: 8 | Q58: 8 | R58: 8 | S58: 8 | T58: 8 | U58: 8 | V58: 8 | W58: 8 | X58: 8 | Y58: 8 | Z58: 8 | AA58: 8 | AB58: 8 | AC58: 8 | AD58: 8 | AE58: 8 | AF58: 30 | AG58: 30 | AH58: 30 | AI58: 30 | AJ58: 30 | AK58: 30 | AL58: 30 | AM58: 30 | AN58: 30 | AO58: 30 | AP58: 30 | AQ58: 30 | AR58: 30 | AS58: 30 | AT58: 30 | AU58: 30 | AV58: 30 | AW58: 30 | AX58: 30 | AY58: 30 | AZ58: 30 | BA58: 30 | BB58: 30 | BC58: 30
A59: project size multiplier | B59: 3 | C59: 3 | D59: 3 | E59: 3 | F59: 3 | G59: 3 | H59: 3 | I59: 3 | J59: 3 | K59: 3 | L59: 3 | M59: 3 | N59: 3 | O59: 3 | P59: 3 | Q59: 3 | R59: 3 | S59: 3 | T59: 3 | U59: 3 | V59: 3 | W59: 3 | X59: 3 | Y59: 3 | Z59: 3 | AA59: 3 | AB59: 3 | AC59: 3 | AD59: 3 | AE59: 3 | AF59: 3 | AG59: 3 | AH59: 3 | AI59: 3 | AJ59: 3 | AK59: 3 | AL59: 3 | AM59: 3 | AN59: 3 | AO59: 3 | AP59: 3 | AQ59: 3 | AR59: 3 | AS59: 3 | AT59: 3 | AU59: 3 | AV59: 3 | AW59: 3 | AX59: 3 | AY59: 3 | AZ59: 3 | BA59: 3 | BB59: 3 | BC59: 3
A60: scenario | B60: normal | C60: normal | D60: normal | E60: normal | F60: normal | G60: normal | H60: normal | I60: normal | J60: normal | K60: normal | L60: normal | M60: normal | N60: normal | O60: normal | P60: normal | Q60: normal | R60: normal | S60: normal | T60: normal | U60: normal | V60: normal | W60: normal | X60: normal | Y60: normal | Z60: normal | AA60: normal | AB60: normal | AC60: normal | AD60: normal | AE60: normal | AF60: normal | AG60: normal | AH60: normal | AI60: normal | AJ60: normal | AK60: hybrid | AL60: hybrid | AM60: hybrid | AN60: hybrid | AO60: hybrid | AP60: normal | AQ60: normal | AR60: normal | AS60: normal | AT60: normal | AU60: normal | AV60: normal | AW60: normal | AX60: normal | AY60: normal | AZ60: normal | BA60: normal | BB60: normal | BC60: normal
A62: scenName | B62: base | C62: base | D62: base | E62: base | F62: base | G62: very high contagion | H62: very high contagion | I62: very high contagion | J62: very high contagion | K62: very high contagion | L62: very high ind lr and high col lr | M62: very high ind lr and high col lr | N62: very high ind lr and high col lr | O62: very high ind lr and high col lr | P62: very high ind lr and high col lr | Q62: very high clr | R62: very high clr | S62: very high clr | T62: very high clr | U62: very high clr | V62: verhy high clr and high ilr | W62: verhy high clr and high ilr | X62: verhy high clr and high ilr | Y62: verhy high clr and high ilr | Z62: verhy high clr and high ilr | AA62: very high both lrs | AB62: very high both lrs | AC62: very high both lrs | AD62: very high both lrs | AE62: very high both lrs | AF62: verhy high lrs and high max projects | AG62: verhy high lrs and high max projects | AH62: verhy high lrs and high max projects | AI62: verhy high lrs and high max projects | AJ62: verhy high lrs and high max projects | AK62: verhy high lrs and high max projects and hybrid | AL62: verhy high lrs and high max projects and hybrid | AM62: verhy high lrs and high max projects and hybrid | AN62: verhy high lrs and high max projects and hybrid | AO62: verhy high lrs and high max projects and hybrid | AP62: base_network update | AQ62: base_network update | AR62: base_network update | AS62: base_network update | AT62: base_network update
A63: scenNb | B63: 1 | C63: 1 | D63: 1 | E63: 1 | F63: 1 | G63: 2 | H63: 2 | I63: 2 | J63: 2 | K63: 2 | L63: 3 | M63: 3 | N63: 3 | O63: 3 | P63: 3 | Q63: 4 | R63: 4 | S63: 4 | T63: 4 | U63: 4 | V63: 5 | W63: 5 | X63: 5 | Y63: 5 | Z63: 5 | AA63: 6 | AB63: 6 | AC63: 6 | AD63: 6 | AE63: 6 | AF63: 7 | AG63: 7 | AH63: 7 | AI63: 7 | AJ63: 7 | AK63: 8 | AL63: 8 | AM63: 8 | AN63: 8 | AO63: 8 | AP63: 9 | AQ63: 9 | AR63: 9 | AS63: 9 | AT63: 9
